image,productName,highlight,rankingGroup,monthlySales,buyboxPrice,buyboxStock,thirdFbaPrice,thirdFbaStock,pickpackFee,referralPercent,referralFee,newPrice,newFbaPrice,categoryRoot,categorySub,displayGroup,asin,partNumber,type,manufacturer,brand,model,color,size,style,itemCount,safetyWarning,batteryRequired,batteryIncluded
https://m.media-amazon.com/images/I/61WuCn6WH7L.jpg;https://m.media-amazon.com/images/I/71UrDsOyTwL.jpg;https://m.media-amazon.com/images/I/71C6R7ehOFL.jpg;https://m.media-amazon.com/images/I/81dbjdfbplL.jpg,"[ナイキ] エア マックス シロ スポーツ スライド シャワー サンダル メンズ AIR MAX CIRRO DC1460-007 ブラック/ブラック/ブラック スポーツ ジム 筋トレ フィットネス トレーニング ユニセックス メンズ 軽量 正規品 28.0cm(US10,UK9.5,EU44)",,fashion_display_on_website,300,"4,467",10,"4,467",317,430,12.39%,553,29,26,ファッション,スポーツサンダル,Shoes,B0BKVQGJWV,DC1460-007,SANDAL,Nike,NIKE(ナイキ),DC1460-007,(007) ブラック/ブラック/ブラック,28.0 cm,スライド,,,no,no
https://m.media-amazon.com/images/I/61WuCn6WH7L.jpg;https://m.media-amazon.com/images/I/71UrDsOyTwL.jpg;https://m.media-amazon.com/images/I/71C6R7ehOFL.jpg;https://m.media-amazon.com/images/I/81dbjdfbplL.jpg,"[ナイキ] エア マックス シロ スポーツ スライド シャワー サンダル メンズ AIR MAX CIRRO DC1460-007 ブラック/ブラック/ブラック スポーツ ジム 筋トレ フィットネス トレーニング ユニセックス メンズ 軽量 正規品 26.0cm(US8,UK7.5,EU42)",,fashion_display_on_website,200,"4,545",3,"4,500",193,430,12.41%,564,38,33,ファッション,スポーツサンダル,Shoes,B0BKVSD93P,DC1460-007,SANDAL,NIKE INDIA PVT LTD,NIKE(ナイキ),DC1460-007,(007) ブラック/ブラック/ブラック,26.0 cm,スライド,,,no,no
https://m.media-amazon.com/images/I/51rb5DdKlDL.jpg;https://m.media-amazon.com/images/I/71R+shAKRbL.jpg;https://m.media-amazon.com/images/I/51xFpY54Q6L.jpg;https://m.media-amazon.com/images/I/61u5LyJ2iOL.jpg;https://m.media-amazon.com/images/I/61ctcWjY+fL.jpg;https://m.media-amazon.com/images/I/510jZNjHyML.jpg;https://m.media-amazon.com/images/I/71C9b83TuOL.jpg;https://m.media-amazon.com/images/I/71NASkmtXgL.jpg;https://m.media-amazon.com/images/I/517FhgQ45pL.jpg,[ナイキ] エア マックス アイラ W AIR MAX ISLA ブラック/ブラック/アンスラサイト/ブラック FJ5929-003 ナイキジャパン正規品 24.0cm,,fashion_display_on_website,200,"7,700",1,"7,700",74,472,12.04%,927,24,21,ファッション,ランニング,Shoes,B0D1TKNHWH,FJ5929-003,SHOES,,NIKE(ナイキ),FJ5929-003,ブラック/ブラック/アンスラサイト/ブラック,24.0 cm,スニーカー,,,no,no
https://m.media-amazon.com/images/I/51rb5DdKlDL.jpg;https://m.media-amazon.com/images/I/71R+shAKRbL.jpg;https://m.media-amazon.com/images/I/51xFpY54Q6L.jpg;https://m.media-amazon.com/images/I/61u5LyJ2iOL.jpg;https://m.media-amazon.com/images/I/61ctcWjY+fL.jpg;https://m.media-amazon.com/images/I/510jZNjHyML.jpg;https://m.media-amazon.com/images/I/71C9b83TuOL.jpg;https://m.media-amazon.com/images/I/71NASkmtXgL.jpg;https://m.media-amazon.com/images/I/517FhgQ45pL.jpg,[ナイキ] エア マックス アイラ W AIR MAX ISLA ブラック/ブラック/アンスラサイト/ブラック FJ5929-003 ナイキジャパン正規品 23.0cm,,fashion_display_on_website,100,"7,980",3,"7,980",47,472,11.91%,950,21,17,ファッション,ランニング,Shoes,B0D1TN43QC,FJ5929-003,SHOES,,NIKE(ナイキ),FJ5929-003,ブラック/ブラック/アンスラサイト/ブラック,23.0 cm,スニーカー,,,no,no
https://m.media-amazon.com/images/I/610BIDgsRyL.jpg;https://m.media-amazon.com/images/I/719QQvJHqHL.jpg;https://m.media-amazon.com/images/I/619BwcctLXL.jpg;https://m.media-amazon.com/images/I/51dTqbnpJpL.jpg;https://m.media-amazon.com/images/I/61AhRB8XbHL.jpg;https://m.media-amazon.com/images/I/61JqDM7hr9L.jpg;https://m.media-amazon.com/images/I/51pB-wRURPL.jpg;https://m.media-amazon.com/images/I/81pBEymD8jL.jpg;https://m.media-amazon.com/images/I/71waE6SU0OL.jpg,[ナイキ] レボリューション 7 Revolution 7 ブラック/オフノワール FB2207-005 日本国内正規品 28.0cm,,fashion_display_on_website,,"5,440",3,"5,680",14,472,12.41%,675,8,6,ファッション,ランニング,Shoes,B0CJMDGJDP,NIKE FB2207-005,SHOES,,NIKE(ナイキ),FB2207-005,ブラック/オフノワール,28.0 cm,スニーカー,,,no,no
https://m.media-amazon.com/images/I/61DhKWGjxDL.jpg;https://m.media-amazon.com/images/I/610J0SUpjQL.jpg;https://m.media-amazon.com/images/I/61yP96nq24L.jpg;https://m.media-amazon.com/images/I/61Cyy3Ru2qL.jpg;https://m.media-amazon.com/images/I/71mF-UPaYsL.jpg;https://m.media-amazon.com/images/I/61B-yzTVWcL.jpg;https://m.media-amazon.com/images/I/51KYTHk-DnL.jpg;https://m.media-amazon.com/images/I/81TOSEuTPvL.jpg;https://m.media-amazon.com/images/I/51Z0LdzCBCL.jpg,NIKE [ナイキ] レボリューション 7 Revolution 7 ブラック/ホワイト FB2207-001 日本国内正規品 27.0cm,,fashion_display_on_website,,,,"6,100",16,472,12.39%,-,6,5,ファッション,ランニング,Shoes,B0CK9G9F3X,NIKE FB2207-001,SHOES,nike,NIKE(ナイキ),FB2207-001,ブラック/ホワイト,27.0 cm,スニーカー,,,no,no
https://m.media-amazon.com/images/I/61DhKWGjxDL.jpg;https://m.media-amazon.com/images/I/610J0SUpjQL.jpg;https://m.media-amazon.com/images/I/61yP96nq24L.jpg;https://m.media-amazon.com/images/I/61Cyy3Ru2qL.jpg;https://m.media-amazon.com/images/I/71mF-UPaYsL.jpg;https://m.media-amazon.com/images/I/61B-yzTVWcL.jpg;https://m.media-amazon.com/images/I/51KYTHk-DnL.jpg;https://m.media-amazon.com/images/I/81TOSEuTPvL.jpg;https://m.media-amazon.com/images/I/51Z0LdzCBCL.jpg,NIKE [ナイキ] レボリューション 7 Revolution 7 ブラック/ホワイト FB2207-001 日本国内正規品 27.5cm,,fashion_display_on_website,,,,"6,300",5,472,12.40%,-,4,3,ファッション,ランニング,Shoes,B0CK9NPRYX,NIKE FB2207-001,SHOES,nike,NIKE(ナイキ),FB2207-001,ブラック/ホワイト,27.5 cm,スニーカー,,,no,no
https://m.media-amazon.com/images/I/61DhKWGjxDL.jpg;https://m.media-amazon.com/images/I/610J0SUpjQL.jpg;https://m.media-amazon.com/images/I/61yP96nq24L.jpg;https://m.media-amazon.com/images/I/61Cyy3Ru2qL.jpg;https://m.media-amazon.com/images/I/71mF-UPaYsL.jpg;https://m.media-amazon.com/images/I/61B-yzTVWcL.jpg;https://m.media-amazon.com/images/I/51KYTHk-DnL.jpg;https://m.media-amazon.com/images/I/81TOSEuTPvL.jpg;https://m.media-amazon.com/images/I/51Z0LdzCBCL.jpg,NIKE [ナイキ] レボリューション 7 Revolution 7 ブラック/ホワイト FB2207-001 日本国内正規品 26.0cm,,fashion_display_on_website,,"5,643",12,"5,643",15,472,12.41%,700,2,2,ファッション,ランニング,Shoes,B0CK9KTY2C,NIKE FB2207-001,SHOES,,NIKE(ナイキ),FB2207-001,ブラック/ホワイト,26.0 cm,スニーカー,,,no,no
https://m.media-amazon.com/images/I/610BIDgsRyL.jpg;https://m.media-amazon.com/images/I/719QQvJHqHL.jpg;https://m.media-amazon.com/images/I/619BwcctLXL.jpg;https://m.media-amazon.com/images/I/51dTqbnpJpL.jpg;https://m.media-amazon.com/images/I/61AhRB8XbHL.jpg;https://m.media-amazon.com/images/I/61JqDM7hr9L.jpg;https://m.media-amazon.com/images/I/51pB-wRURPL.jpg;https://m.media-amazon.com/images/I/81pBEymD8jL.jpg;https://m.media-amazon.com/images/I/71waE6SU0OL.jpg,[ナイキ] レボリューション 7 Revolution 7 ブラック/オフノワール FB2207-005 日本国内正規品 29.0cm,,fashion_display_on_website,,,,,33,472,12.40%,-,9,9,ファッション,ランニング,Shoes,B0CJLS1FKR,NIKE FB2207-005,SHOES,nike,NIKE(ナイキ),FB2207-005,ブラック/オフノワール,29.0 cm,スニーカー,,,no,no
https://m.media-amazon.com/images/I/61DhKWGjxDL.jpg;https://m.media-amazon.com/images/I/610J0SUpjQL.jpg;https://m.media-amazon.com/images/I/61yP96nq24L.jpg;https://m.media-amazon.com/images/I/61Cyy3Ru2qL.jpg;https://m.media-amazon.com/images/I/71mF-UPaYsL.jpg;https://m.media-amazon.com/images/I/61B-yzTVWcL.jpg;https://m.media-amazon.com/images/I/51KYTHk-DnL.jpg;https://m.media-amazon.com/images/I/81TOSEuTPvL.jpg;https://m.media-amazon.com/images/I/51Z0LdzCBCL.jpg,NIKE [ナイキ] レボリューション 7 Revolution 7 ブラック/ホワイト FB2207-001 日本国内正規品 28.0cm,,fashion_display_on_website,,"4,534",3,"4,534",116,472,12.40%,562,12,9,ファッション,ランニング,Shoes,B0CK9WXDP6,NIKE FB2207-001,SHOES,nike,NIKE(ナイキ),FB2207-001,ブラック/ホワイト,28.0 cm,スニーカー,,,no,no
https://m.media-amazon.com/images/I/61DhKWGjxDL.jpg;https://m.media-amazon.com/images/I/610J0SUpjQL.jpg;https://m.media-amazon.com/images/I/61yP96nq24L.jpg;https://m.media-amazon.com/images/I/61Cyy3Ru2qL.jpg;https://m.media-amazon.com/images/I/71mF-UPaYsL.jpg;https://m.media-amazon.com/images/I/61B-yzTVWcL.jpg;https://m.media-amazon.com/images/I/51KYTHk-DnL.jpg;https://m.media-amazon.com/images/I/81TOSEuTPvL.jpg;https://m.media-amazon.com/images/I/51Z0LdzCBCL.jpg,NIKE [ナイキ] レボリューション 7 Revolution 7 ブラック/ホワイト FB2207-001 日本国内正規品 28.5cm,,fashion_display_on_website,,,,"7,980",2,472,12.04%,-,4,2,ファッション,ランニング,Shoes,B0CKBBXHNH,NIKE FB2207-001,SHOES,nike,NIKE(ナイキ),FB2207-001,ブラック/ホワイト,28.5 cm,スニーカー,,,no,no
https://m.media-amazon.com/images/I/610BIDgsRyL.jpg;https://m.media-amazon.com/images/I/719QQvJHqHL.jpg;https://m.media-amazon.com/images/I/619BwcctLXL.jpg;https://m.media-amazon.com/images/I/51dTqbnpJpL.jpg;https://m.media-amazon.com/images/I/61AhRB8XbHL.jpg;https://m.media-amazon.com/images/I/61JqDM7hr9L.jpg;https://m.media-amazon.com/images/I/51pB-wRURPL.jpg;https://m.media-amazon.com/images/I/81pBEymD8jL.jpg;https://m.media-amazon.com/images/I/71waE6SU0OL.jpg,[ナイキ] レボリューション 7 Revolution 7 ブラック/オフノワール FB2207-005 日本国内正規品 28.5cm,,fashion_display_on_website,,"5,268",8,"5,268",30,472,7.99%,421,17,15,ファッション,ランニング,Shoes,B0CJMDNM55,NIKE FB2207-005,SHOES,,NIKE(ナイキ),FB2207-005,ブラック/オフノワール,28.5 cm,スニーカー,,,no,no
https://m.media-amazon.com/images/I/61DhKWGjxDL.jpg;https://m.media-amazon.com/images/I/610J0SUpjQL.jpg;https://m.media-amazon.com/images/I/61yP96nq24L.jpg;https://m.media-amazon.com/images/I/61Cyy3Ru2qL.jpg;https://m.media-amazon.com/images/I/71mF-UPaYsL.jpg;https://m.media-amazon.com/images/I/61B-yzTVWcL.jpg;https://m.media-amazon.com/images/I/51KYTHk-DnL.jpg;https://m.media-amazon.com/images/I/81TOSEuTPvL.jpg;https://m.media-amazon.com/images/I/51Z0LdzCBCL.jpg,NIKE [ナイキ] レボリューション 7 Revolution 7 ブラック/ホワイト FB2207-001 日本国内正規品 26.5cm,,fashion_display_on_website,,,,"6,980",1,472,12.41%,-,2,2,ファッション,ランニング,Shoes,B0CK9NC1CG,NIKE FB2207-001,SHOES,,NIKE(ナイキ),FB2207-001,ブラック/ホワイト,26.5 cm,スニーカー,,,no,no
https://m.media-amazon.com/images/I/51amVF-u-yL.jpg;https://m.media-amazon.com/images/I/5179qOHKRDL.jpg;https://m.media-amazon.com/images/I/51A1v9RLX3L.jpg;https://m.media-amazon.com/images/I/616LErrm+7L.jpg;https://m.media-amazon.com/images/I/51V3UWnAhtL.jpg;https://m.media-amazon.com/images/I/51X1UHACkrL.jpg;https://m.media-amazon.com/images/I/717CDdib6mL.jpg;https://m.media-amazon.com/images/I/711c8ep6ZlL.jpg;https://m.media-amazon.com/images/I/51ZrQWFDZsL.jpg,[ナイキ] ズーム ライバル フライ 4 Zoom Rival Fly 4 ダークオブシディアン/ゴーストグリーン/ピンクブラスト/ブラック IO9565-400 24.0cm,,fashion_display_on_website,50,"7,900",3,"7,900",53,472,12.10%,956,14,12,ファッション,ランニング,Shoes,B0GGH3W2WF,IO9565-400,SHOES,nike,NIKE(ナイキ),IO9565-400,ダークオブシディアン/ゴーストグリーン/ピンクブラスト/ブラック,24.0 cm,スニーカー,,,no,no
https://m.media-amazon.com/images/I/51amVF-u-yL.jpg;https://m.media-amazon.com/images/I/5179qOHKRDL.jpg;https://m.media-amazon.com/images/I/51A1v9RLX3L.jpg;https://m.media-amazon.com/images/I/616LErrm+7L.jpg;https://m.media-amazon.com/images/I/51V3UWnAhtL.jpg;https://m.media-amazon.com/images/I/51X1UHACkrL.jpg;https://m.media-amazon.com/images/I/717CDdib6mL.jpg;https://m.media-amazon.com/images/I/711c8ep6ZlL.jpg;https://m.media-amazon.com/images/I/51ZrQWFDZsL.jpg,[ナイキ] ズーム ライバル フライ 4 Zoom Rival Fly 4 ダークオブシディアン/ゴーストグリーン/ピンクブラスト/ブラック IO9565-400 25.5cm,,fashion_display_on_website,50,"6,862",1,"6,862",48,472,12.40%,851,23,20,ファッション,陸上競技,Shoes,B0GGGWM4FY,IO9565-400,SHOES,nike,NIKE(ナイキ),IO9565-400,ダークオブシディアン/ゴーストグリーン/ピンクブラスト/ブラック,25.5 cm,スニーカー,,,no,no
https://m.media-amazon.com/images/I/51amVF-u-yL.jpg;https://m.media-amazon.com/images/I/5179qOHKRDL.jpg;https://m.media-amazon.com/images/I/51A1v9RLX3L.jpg;https://m.media-amazon.com/images/I/616LErrm+7L.jpg;https://m.media-amazon.com/images/I/51V3UWnAhtL.jpg;https://m.media-amazon.com/images/I/51X1UHACkrL.jpg;https://m.media-amazon.com/images/I/717CDdib6mL.jpg;https://m.media-amazon.com/images/I/711c8ep6ZlL.jpg;https://m.media-amazon.com/images/I/51ZrQWFDZsL.jpg,[ナイキ] ズーム ライバル フライ 4 Zoom Rival Fly 4 ダークオブシディアン/ゴーストグリーン/ピンクブラスト/ブラック IO9565-400 27.0cm,,fashion_display_on_website,100,"7,147",1,"7,076",88,472,12.40%,886,35,34,ファッション,ランニング,Shoes,B0GGGR4PM3,IO9565-400,SHOES,nike,NIKE(ナイキ),IO9565-400,ダークオブシディアン/ゴーストグリーン/ピンクブラスト/ブラック,27.0 cm,スニーカー,,,no,no
https://m.media-amazon.com/images/I/51amVF-u-yL.jpg;https://m.media-amazon.com/images/I/5179qOHKRDL.jpg;https://m.media-amazon.com/images/I/51A1v9RLX3L.jpg;https://m.media-amazon.com/images/I/616LErrm+7L.jpg;https://m.media-amazon.com/images/I/51V3UWnAhtL.jpg;https://m.media-amazon.com/images/I/51X1UHACkrL.jpg;https://m.media-amazon.com/images/I/717CDdib6mL.jpg;https://m.media-amazon.com/images/I/711c8ep6ZlL.jpg;https://m.media-amazon.com/images/I/51ZrQWFDZsL.jpg,[ナイキ] ズーム ライバル フライ 4 Zoom Rival Fly 4 ダークオブシディアン/ゴーストグリーン/ピンクブラスト/ブラック IO9565-400 26.5cm,,fashion_display_on_website,100,"7,200",6,"7,071",110,472,12.40%,893,34,32,ファッション,スニーカー,Shoes,B0GGH8QTWM,IO9565-400,SHOES,nike,NIKE(ナイキ),IO9565-400,ダークオブシディアン/ゴーストグリーン/ピンクブラスト/ブラック,26.5 cm,スニーカー,,,no,no
https://m.media-amazon.com/images/I/51amVF-u-yL.jpg;https://m.media-amazon.com/images/I/5179qOHKRDL.jpg;https://m.media-amazon.com/images/I/51A1v9RLX3L.jpg;https://m.media-amazon.com/images/I/616LErrm+7L.jpg;https://m.media-amazon.com/images/I/51V3UWnAhtL.jpg;https://m.media-amazon.com/images/I/51X1UHACkrL.jpg;https://m.media-amazon.com/images/I/717CDdib6mL.jpg;https://m.media-amazon.com/images/I/711c8ep6ZlL.jpg;https://m.media-amazon.com/images/I/51ZrQWFDZsL.jpg,[ナイキ] ズーム ライバル フライ 4 Zoom Rival Fly 4 ダークオブシディアン/ゴーストグリーン/ピンクブラスト/ブラック IO9565-400 27.5cm,,fashion_display_on_website,50,"7,400",1,"7,400",81,472,12.40%,918,33,31,ファッション,スニーカー,Shoes,B0GGH17XCF,IO9565-400,SHOES,nike,NIKE(ナイキ),IO9565-400,ダークオブシディアン/ゴーストグリーン/ピンクブラスト/ブラック,27.5 cm,スニーカー,,,no,no
https://m.media-amazon.com/images/I/51amVF-u-yL.jpg;https://m.media-amazon.com/images/I/5179qOHKRDL.jpg;https://m.media-amazon.com/images/I/51A1v9RLX3L.jpg;https://m.media-amazon.com/images/I/616LErrm+7L.jpg;https://m.media-amazon.com/images/I/51V3UWnAhtL.jpg;https://m.media-amazon.com/images/I/51X1UHACkrL.jpg;https://m.media-amazon.com/images/I/717CDdib6mL.jpg;https://m.media-amazon.com/images/I/711c8ep6ZlL.jpg;https://m.media-amazon.com/images/I/51ZrQWFDZsL.jpg,[ナイキ] ズーム ライバル フライ 4 Zoom Rival Fly 4 ダークオブシディアン/ゴーストグリーン/ピンクブラスト/ブラック IO9565-400 26.0cm,,fashion_display_on_website,50,"7,300",1,"7,300",76,472,12.40%,905,28,26,ファッション,スニーカー,Shoes,B0GGGQZW9T,IO9565-400,SHOES,nike,NIKE(ナイキ),IO9565-400,ダークオブシディアン/ゴーストグリーン/ピンクブラスト/ブラック,26.0 cm,スニーカー,,,no,no
https://m.media-amazon.com/images/I/51amVF-u-yL.jpg;https://m.media-amazon.com/images/I/5179qOHKRDL.jpg;https://m.media-amazon.com/images/I/51A1v9RLX3L.jpg;https://m.media-amazon.com/images/I/616LErrm+7L.jpg;https://m.media-amazon.com/images/I/51V3UWnAhtL.jpg;https://m.media-amazon.com/images/I/51X1UHACkrL.jpg;https://m.media-amazon.com/images/I/717CDdib6mL.jpg;https://m.media-amazon.com/images/I/711c8ep6ZlL.jpg;https://m.media-amazon.com/images/I/51ZrQWFDZsL.jpg,[ナイキ] ズーム ライバル フライ 4 Zoom Rival Fly 4 ダークオブシディアン/ゴーストグリーン/ピンクブラスト/ブラック IO9565-400 28.0cm,,fashion_display_on_website,50,"7,500",8,"7,500",58,472,12.40%,930,21,20,ファッション,スニーカー,Shoes,B0GGGH5K1H,IO9565-400,SHOES,nike,NIKE(ナイキ),IO9565-400,ダークオブシディアン/ゴーストグリーン/ピンクブラスト/ブラック,28.0 cm,スニーカー,,,no,no
https://m.media-amazon.com/images/I/51amVF-u-yL.jpg;https://m.media-amazon.com/images/I/5179qOHKRDL.jpg;https://m.media-amazon.com/images/I/51A1v9RLX3L.jpg;https://m.media-amazon.com/images/I/616LErrm+7L.jpg;https://m.media-amazon.com/images/I/51V3UWnAhtL.jpg;https://m.media-amazon.com/images/I/51X1UHACkrL.jpg;https://m.media-amazon.com/images/I/717CDdib6mL.jpg;https://m.media-amazon.com/images/I/711c8ep6ZlL.jpg;https://m.media-amazon.com/images/I/51ZrQWFDZsL.jpg,[ナイキ] ズーム ライバル フライ 4 Zoom Rival Fly 4 ダークオブシディアン/ゴーストグリーン/ピンクブラスト/ブラック IO9565-400 24.5cm,,fashion_display_on_website,50,"7,800",1,"7,800",65,472,12.17%,949,22,20,ファッション,スニーカー,Shoes,B0GGGQ62R9,IO9565-400,SHOES,nike,NIKE(ナイキ),IO9565-400,ダークオブシディアン/ゴーストグリーン/ピンクブラスト/ブラック,24.5 cm,スニーカー,,,no,no
https://m.media-amazon.com/images/I/51amVF-u-yL.jpg;https://m.media-amazon.com/images/I/5179qOHKRDL.jpg;https://m.media-amazon.com/images/I/51A1v9RLX3L.jpg;https://m.media-amazon.com/images/I/616LErrm+7L.jpg;https://m.media-amazon.com/images/I/51V3UWnAhtL.jpg;https://m.media-amazon.com/images/I/51X1UHACkrL.jpg;https://m.media-amazon.com/images/I/717CDdib6mL.jpg;https://m.media-amazon.com/images/I/711c8ep6ZlL.jpg;https://m.media-amazon.com/images/I/51ZrQWFDZsL.jpg,[ナイキ] ズーム ライバル フライ 4 Zoom Rival Fly 4 ダークオブシディアン/ゴーストグリーン/ピンクブラスト/ブラック IO9565-400 25.0cm,,fashion_display_on_website,50,"7,326",9,"7,326",63,472,12.39%,908,26,23,ファッション,ランニング,Shoes,B0GGGZZMCF,IO9565-400,SHOES,nike,NIKE(ナイキ),IO9565-400,ダークオブシディアン/ゴーストグリーン/ピンクブラスト/ブラック,25.0 cm,スニーカー,,,no,no
https://m.media-amazon.com/images/I/51F5qB13GoL.jpg;https://m.media-amazon.com/images/I/71GpA8klRbL.jpg;https://m.media-amazon.com/images/I/51MegAOtsZL.jpg;https://m.media-amazon.com/images/I/51lbV7hphXL.jpg;https://m.media-amazon.com/images/I/61E4a+iKnKL.jpg;https://m.media-amazon.com/images/I/61+GLE8vBZL.jpg;https://m.media-amazon.com/images/I/512pDyQKs8L.jpg;https://m.media-amazon.com/images/I/712ZMM-mtrL.jpg;https://m.media-amazon.com/images/I/51op9WeuTjL.jpg,[ナイキ] レボリューション 8 ワイド Revolution 8 ブラック/ブラック/ホワイト HQ1996-001 26.5cm,,fashion_display_on_website,100,"5,166",4,"5,166",93,472,12.41%,641,22,17,ファッション,スニーカー,Shoes,B0FJLY76N5,HQ1996-001,SHOES,nike,NIKE(ナイキ),HQ1996-001,ブラック/ブラック/ホワイト,26.5 cm,スニーカー,,,no,no
https://m.media-amazon.com/images/I/51F5qB13GoL.jpg;https://m.media-amazon.com/images/I/71GpA8klRbL.jpg;https://m.media-amazon.com/images/I/51MegAOtsZL.jpg;https://m.media-amazon.com/images/I/51lbV7hphXL.jpg;https://m.media-amazon.com/images/I/61E4a+iKnKL.jpg;https://m.media-amazon.com/images/I/61+GLE8vBZL.jpg;https://m.media-amazon.com/images/I/512pDyQKs8L.jpg;https://m.media-amazon.com/images/I/712ZMM-mtrL.jpg;https://m.media-amazon.com/images/I/51op9WeuTjL.jpg,[ナイキ] レボリューション 8 ワイド Revolution 8 ブラック/ブラック/ホワイト HQ1996-001 29.0cm,,fashion_display_on_website,50,"5,249",1,"5,197",34,472,12.40%,651,25,22,ファッション,スニーカー,Shoes,B0FJLWCMW4,HQ1996-001,SHOES,nike,NIKE(ナイキ),HQ1996-001,ブラック/ブラック/ホワイト,29.0 cm,スニーカー,,,no,no
https://m.media-amazon.com/images/I/51F5qB13GoL.jpg;https://m.media-amazon.com/images/I/71GpA8klRbL.jpg;https://m.media-amazon.com/images/I/51MegAOtsZL.jpg;https://m.media-amazon.com/images/I/51lbV7hphXL.jpg;https://m.media-amazon.com/images/I/61E4a+iKnKL.jpg;https://m.media-amazon.com/images/I/61+GLE8vBZL.jpg;https://m.media-amazon.com/images/I/512pDyQKs8L.jpg;https://m.media-amazon.com/images/I/712ZMM-mtrL.jpg;https://m.media-amazon.com/images/I/51op9WeuTjL.jpg,[ナイキ] レボリューション 8 ワイド Revolution 8 ブラック/ブラック/ホワイト HQ1996-001 26.0cm,,fashion_display_on_website,50,"5,298",3,"5,245",104,472,12.40%,657,30,25,ファッション,スニーカー,Shoes,B0FJLW67QL,HQ1996-001,SHOES,nike,NIKE(ナイキ),HQ1996-001,ブラック/ブラック/ホワイト,26.0 cm,スニーカー,,,no,no
https://m.media-amazon.com/images/I/51F5qB13GoL.jpg;https://m.media-amazon.com/images/I/71GpA8klRbL.jpg;https://m.media-amazon.com/images/I/51MegAOtsZL.jpg;https://m.media-amazon.com/images/I/51lbV7hphXL.jpg;https://m.media-amazon.com/images/I/61E4a+iKnKL.jpg;https://m.media-amazon.com/images/I/61+GLE8vBZL.jpg;https://m.media-amazon.com/images/I/512pDyQKs8L.jpg;https://m.media-amazon.com/images/I/712ZMM-mtrL.jpg;https://m.media-amazon.com/images/I/51op9WeuTjL.jpg,[ナイキ] レボリューション 8 ワイド Revolution 8 ブラック/ブラック/ホワイト HQ1996-001 27.0cm,,fashion_display_on_website,100,"5,051",5,"5,000",88,472,12.39%,626,24,19,ファッション,ランニング,Shoes,B0FJLZJ5R3,HQ1996-001,SHOES,nike,NIKE(ナイキ),HQ1996-001,ブラック/ブラック/ホワイト,27.0 cm,スニーカー,,,no,no
https://m.media-amazon.com/images/I/51F5qB13GoL.jpg;https://m.media-amazon.com/images/I/71GpA8klRbL.jpg;https://m.media-amazon.com/images/I/51MegAOtsZL.jpg;https://m.media-amazon.com/images/I/51lbV7hphXL.jpg;https://m.media-amazon.com/images/I/61E4a+iKnKL.jpg;https://m.media-amazon.com/images/I/61+GLE8vBZL.jpg;https://m.media-amazon.com/images/I/512pDyQKs8L.jpg;https://m.media-amazon.com/images/I/712ZMM-mtrL.jpg;https://m.media-amazon.com/images/I/51op9WeuTjL.jpg,[ナイキ] レボリューション 8 ワイド Revolution 8 ブラック/ブラック/ホワイト HQ1996-001 28.0cm,,fashion_display_on_website,50,"5,148",3,"5,148",32,472,12.39%,638,20,16,ファッション,スニーカー,Shoes,B0FJLZ68N5,HQ1996-001,SHOES,nike,NIKE(ナイキ),HQ1996-001,ブラック/ブラック/ホワイト,28.0 cm,スニーカー,,,no,no
https://m.media-amazon.com/images/I/51F5qB13GoL.jpg;https://m.media-amazon.com/images/I/71GpA8klRbL.jpg;https://m.media-amazon.com/images/I/51MegAOtsZL.jpg;https://m.media-amazon.com/images/I/51lbV7hphXL.jpg;https://m.media-amazon.com/images/I/61E4a+iKnKL.jpg;https://m.media-amazon.com/images/I/61+GLE8vBZL.jpg;https://m.media-amazon.com/images/I/512pDyQKs8L.jpg;https://m.media-amazon.com/images/I/712ZMM-mtrL.jpg;https://m.media-amazon.com/images/I/51op9WeuTjL.jpg,[ナイキ] レボリューション 8 ワイド Revolution 8 ブラック/ブラック/ホワイト HQ1996-001 25.5cm,,fashion_display_on_website,50,"5,284",2,"5,284",70,472,12.40%,655,26,21,ファッション,スニーカー,Shoes,B0FJLX746W,HQ1996-001,SHOES,nike,NIKE(ナイキ),HQ1996-001,ブラック/ブラック/ホワイト,25.5 cm,スニーカー,,,no,no
https://m.media-amazon.com/images/I/51F5qB13GoL.jpg;https://m.media-amazon.com/images/I/71GpA8klRbL.jpg;https://m.media-amazon.com/images/I/51MegAOtsZL.jpg;https://m.media-amazon.com/images/I/51lbV7hphXL.jpg;https://m.media-amazon.com/images/I/61E4a+iKnKL.jpg;https://m.media-amazon.com/images/I/61+GLE8vBZL.jpg;https://m.media-amazon.com/images/I/512pDyQKs8L.jpg;https://m.media-amazon.com/images/I/712ZMM-mtrL.jpg;https://m.media-amazon.com/images/I/51op9WeuTjL.jpg,[ナイキ] レボリューション 8 ワイド Revolution 8 ブラック/ブラック/ホワイト HQ1996-001 27.5cm,,fashion_display_on_website,50,,,"5,227",83,472,7.99%,-,24,20,ファッション,スニーカー,Shoes,B0FJLXVCKD,HQ1996-001,SHOES,nike,NIKE(ナイキ),HQ1996-001,ブラック/ブラック/ホワイト,27.5 cm,スニーカー,,,no,no
https://m.media-amazon.com/images/I/51F5qB13GoL.jpg;https://m.media-amazon.com/images/I/71GpA8klRbL.jpg;https://m.media-amazon.com/images/I/51MegAOtsZL.jpg;https://m.media-amazon.com/images/I/51lbV7hphXL.jpg;https://m.media-amazon.com/images/I/61E4a+iKnKL.jpg;https://m.media-amazon.com/images/I/61+GLE8vBZL.jpg;https://m.media-amazon.com/images/I/512pDyQKs8L.jpg;https://m.media-amazon.com/images/I/712ZMM-mtrL.jpg;https://m.media-amazon.com/images/I/51op9WeuTjL.jpg,[ナイキ] レボリューション 8 ワイド Revolution 8 ブラック/ブラック/ホワイト HQ1996-001 24.0cm,,fashion_display_on_website,,"7,000",1,,1,472,12.40%,868,2,1,ファッション,ランニング,Shoes,B0FJLZLQGT,HQ1996-001,SHOES,nike,NIKE(ナイキ),HQ1996-001,ブラック/ブラック/ホワイト,24.0 cm,スニーカー,,,no,no
https://m.media-amazon.com/images/I/51F5qB13GoL.jpg;https://m.media-amazon.com/images/I/71GpA8klRbL.jpg;https://m.media-amazon.com/images/I/51MegAOtsZL.jpg;https://m.media-amazon.com/images/I/51lbV7hphXL.jpg;https://m.media-amazon.com/images/I/61E4a+iKnKL.jpg;https://m.media-amazon.com/images/I/61+GLE8vBZL.jpg;https://m.media-amazon.com/images/I/512pDyQKs8L.jpg;https://m.media-amazon.com/images/I/712ZMM-mtrL.jpg;https://m.media-amazon.com/images/I/51op9WeuTjL.jpg,[ナイキ] レボリューション 8 ワイド Revolution 8 ブラック/ブラック/ホワイト HQ1996-001 25.0cm,,fashion_display_on_website,,"5,100",2,"5,100",47,472,12.39%,632,18,14,ファッション,ランニング,Shoes,B0FJLVVF3R,HQ1996-001,SHOES,nike,NIKE(ナイキ),HQ1996-001,ブラック/ブラック/ホワイト,25.0 cm,スニーカー,,,no,no
https://m.media-amazon.com/images/I/510w9ASuryL.jpg;https://m.media-amazon.com/images/I/71myTuoXN2L.jpg;https://m.media-amazon.com/images/I/51KXRby+TUL.jpg;https://m.media-amazon.com/images/I/51nP84Lyq4L.jpg;https://m.media-amazon.com/images/I/51F3f-HVfRL.jpg;https://m.media-amazon.com/images/I/61MHDl3qlVL.jpg;https://m.media-amazon.com/images/I/51okHIyPouL.jpg;https://m.media-amazon.com/images/I/61w7npl3rjL.jpg;https://m.media-amazon.com/images/I/61QBxBZh4WL.jpg,[ナイキ] エア マックス エクシー AIR MAX EXCEE ホワイト/ブラック/グレー FN7304-100 日本国内正規品 29.0cm,,fashion_display_on_website,,"12,100",1,"12,100",1,472,11.34%,"1,372",2,1,ファッション,ランニング,Shoes,B0CKSHY61B,NIKE FN7304-100,SHOES,nike,NIKE(ナイキ),FN7304-100,ホワイト/ブラック/グレー,29.0 cm,スニーカー,,,no,no
https://m.media-amazon.com/images/I/51hgPVSs64L.jpg;https://m.media-amazon.com/images/I/51-mm266zML.jpg;https://m.media-amazon.com/images/I/51W3WFmVUhL.jpg;https://m.media-amazon.com/images/I/61cFvuERZaL.jpg;https://m.media-amazon.com/images/I/51hgPVSs64L.jpg;https://m.media-amazon.com/images/I/51J1J4vQKvL.jpg;https://m.media-amazon.com/images/I/61Di8v+2LfL.jpg,[ナイキ] レボリューション 8 Revolution 8 ブラック/ホワイト HJ9198-003 26.5cm,,fashion_display_on_website,100,"5,860",8,"5,860",64,472,12.40%,727,21,17,ファッション,スニーカー,Shoes,B0F6VQH3L5,HJ9198-003,SHOES,nike,NIKE(ナイキ),HJ9198-003,ブラック/ホワイト,26.5 cm,スニーカー,,,no,no
https://m.media-amazon.com/images/I/51hgPVSs64L.jpg;https://m.media-amazon.com/images/I/51-mm266zML.jpg;https://m.media-amazon.com/images/I/51W3WFmVUhL.jpg;https://m.media-amazon.com/images/I/61cFvuERZaL.jpg;https://m.media-amazon.com/images/I/51hgPVSs64L.jpg;https://m.media-amazon.com/images/I/51J1J4vQKvL.jpg;https://m.media-amazon.com/images/I/61Di8v+2LfL.jpg,[ナイキ] レボリューション 8 Revolution 8 ブラック/ホワイト HJ9198-003 27.0cm,,fashion_display_on_website,50,"5,780",3,"5,780",57,472,12.40%,717,16,11,ファッション,ランニング,Shoes,B0F6VB3LS3,HJ9198-003,SHOES,nike,NIKE(ナイキ),HJ9198-003,ブラック/ホワイト,27.0 cm,スニーカー,,,no,no
https://m.media-amazon.com/images/I/51hgPVSs64L.jpg;https://m.media-amazon.com/images/I/51-mm266zML.jpg;https://m.media-amazon.com/images/I/51W3WFmVUhL.jpg;https://m.media-amazon.com/images/I/61cFvuERZaL.jpg;https://m.media-amazon.com/images/I/51hgPVSs64L.jpg;https://m.media-amazon.com/images/I/51J1J4vQKvL.jpg;https://m.media-amazon.com/images/I/61Di8v+2LfL.jpg,[ナイキ] レボリューション 8 Revolution 8 ブラック/ホワイト HJ9198-003 28.0cm,,fashion_display_on_website,50,"4,999",2,"4,999",66,472,12.40%,620,26,20,ファッション,スニーカー,Shoes,B0F6VBV8GS,HJ9198-003,SHOES,nike,NIKE(ナイキ),HJ9198-003,ブラック/ホワイト,28.0 cm,スニーカー,,,no,no
https://m.media-amazon.com/images/I/51hgPVSs64L.jpg;https://m.media-amazon.com/images/I/51-mm266zML.jpg;https://m.media-amazon.com/images/I/51W3WFmVUhL.jpg;https://m.media-amazon.com/images/I/61cFvuERZaL.jpg;https://m.media-amazon.com/images/I/51hgPVSs64L.jpg;https://m.media-amazon.com/images/I/51J1J4vQKvL.jpg;https://m.media-amazon.com/images/I/61Di8v+2LfL.jpg,[ナイキ] レボリューション 8 Revolution 8 ブラック/ホワイト HJ9198-003 27.5cm,,fashion_display_on_website,50,"6,138",2,"6,138",39,472,12.40%,761,9,5,ファッション,スニーカー,Shoes,B0F6VGN7MC,HJ9198-003,SHOES,nike,NIKE(ナイキ),HJ9198-003,ブラック/ホワイト,27.5 cm,スニーカー,,,no,no
https://m.media-amazon.com/images/I/51hgPVSs64L.jpg;https://m.media-amazon.com/images/I/51-mm266zML.jpg;https://m.media-amazon.com/images/I/51W3WFmVUhL.jpg;https://m.media-amazon.com/images/I/61cFvuERZaL.jpg;https://m.media-amazon.com/images/I/51hgPVSs64L.jpg;https://m.media-amazon.com/images/I/51J1J4vQKvL.jpg;https://m.media-amazon.com/images/I/61Di8v+2LfL.jpg,[ナイキ] レボリューション 8 Revolution 8 ブラック/ホワイト HJ9198-003 25.5cm,,fashion_display_on_website,50,"5,861",3,"5,861",67,472,12.40%,727,16,12,ファッション,ランニング,Shoes,B0F6VM1NPL,HJ9198-003,SHOES,nike,NIKE(ナイキ),HJ9198-003,ブラック/ホワイト,25.5 cm,スニーカー,,,no,no
https://m.media-amazon.com/images/I/51hgPVSs64L.jpg;https://m.media-amazon.com/images/I/51-mm266zML.jpg;https://m.media-amazon.com/images/I/51W3WFmVUhL.jpg;https://m.media-amazon.com/images/I/61cFvuERZaL.jpg;https://m.media-amazon.com/images/I/51hgPVSs64L.jpg;https://m.media-amazon.com/images/I/51J1J4vQKvL.jpg;https://m.media-amazon.com/images/I/61Di8v+2LfL.jpg,[ナイキ] レボリューション 8 Revolution 8 ブラック/ホワイト HJ9198-003 25.0cm,,fashion_display_on_website,,"5,841",9,"5,841",51,472,12.41%,725,16,12,ファッション,ランニング,Shoes,B0F6VH7TQW,HJ9198-003,SHOES,nike,NIKE(ナイキ),HJ9198-003,ブラック/ホワイト,25.0 cm,スニーカー,,,no,no
https://m.media-amazon.com/images/I/51hgPVSs64L.jpg;https://m.media-amazon.com/images/I/51-mm266zML.jpg;https://m.media-amazon.com/images/I/51W3WFmVUhL.jpg;https://m.media-amazon.com/images/I/61cFvuERZaL.jpg;https://m.media-amazon.com/images/I/51hgPVSs64L.jpg;https://m.media-amazon.com/images/I/51J1J4vQKvL.jpg;https://m.media-amazon.com/images/I/61Di8v+2LfL.jpg,[ナイキ] レボリューション 8 Revolution 8 ブラック/ホワイト HJ9198-003 29.0cm,,fashion_display_on_website,,"5,402",2,"5,402",80,472,12.40%,670,22,18,ファッション,ランニング,Shoes,B0F6V9PHRJ,HJ9198-003,SHOES,nike,NIKE(ナイキ),HJ9198-003,ブラック/ホワイト,29.0 cm,スニーカー,,,no,no
https://m.media-amazon.com/images/I/510w9ASuryL.jpg;https://m.media-amazon.com/images/I/71myTuoXN2L.jpg;https://m.media-amazon.com/images/I/51KXRby+TUL.jpg;https://m.media-amazon.com/images/I/51nP84Lyq4L.jpg;https://m.media-amazon.com/images/I/51F3f-HVfRL.jpg;https://m.media-amazon.com/images/I/61MHDl3qlVL.jpg;https://m.media-amazon.com/images/I/51okHIyPouL.jpg;https://m.media-amazon.com/images/I/61w7npl3rjL.jpg;https://m.media-amazon.com/images/I/61QBxBZh4WL.jpg,[ナイキ] エア マックス エクシー AIR MAX EXCEE ホワイト/ブラック/グレー FN7304-100 日本国内正規品 28.5cm,,fashion_display_on_website,,"8,900",9,"8,900",19,472,11.46%,"1,020",10,7,ファッション,ランニング,Shoes,B0CKSJY66L,NIKE FN7304-100,SHOES,nike,NIKE(ナイキ),FN7304-100,ホワイト/ブラック/グレー,28.5 cm,スニーカー,,,no,no
https://m.media-amazon.com/images/I/51hgPVSs64L.jpg;https://m.media-amazon.com/images/I/51-mm266zML.jpg;https://m.media-amazon.com/images/I/51W3WFmVUhL.jpg;https://m.media-amazon.com/images/I/61cFvuERZaL.jpg;https://m.media-amazon.com/images/I/51hgPVSs64L.jpg;https://m.media-amazon.com/images/I/51J1J4vQKvL.jpg;https://m.media-amazon.com/images/I/61Di8v+2LfL.jpg,[ナイキ] レボリューション 8 Revolution 8 ブラック/ホワイト HJ9198-003 26.0cm,,fashion_display_on_website,50,"5,841",4,"5,841",54,472,12.40%,724,15,11,ファッション,スニーカー,Shoes,B0F6TNRKMN,HJ9198-003,SHOES,nike,NIKE(ナイキ),HJ9198-003,ブラック/ホワイト,26.0 cm,スニーカー,,,no,no
https://m.media-amazon.com/images/I/51hgPVSs64L.jpg;https://m.media-amazon.com/images/I/51-mm266zML.jpg;https://m.media-amazon.com/images/I/51W3WFmVUhL.jpg;https://m.media-amazon.com/images/I/61cFvuERZaL.jpg;https://m.media-amazon.com/images/I/51hgPVSs64L.jpg;https://m.media-amazon.com/images/I/51J1J4vQKvL.jpg;https://m.media-amazon.com/images/I/61Di8v+2LfL.jpg,[ナイキ] レボリューション 8 Revolution 8 ブラック/ホワイト HJ9198-003 30.0cm,,fashion_display_on_website,,"5,970",3,"5,970",32,472,12.40%,740,13,11,ファッション,スニーカー,Shoes,B0F6VH28PM,HJ9198-003,SHOES,nike,NIKE(ナイキ),HJ9198-003,ブラック/ホワイト,30.0 cm,スニーカー,,,no,no
https://m.media-amazon.com/images/I/51hgPVSs64L.jpg;https://m.media-amazon.com/images/I/51-mm266zML.jpg;https://m.media-amazon.com/images/I/51W3WFmVUhL.jpg;https://m.media-amazon.com/images/I/61cFvuERZaL.jpg;https://m.media-amazon.com/images/I/51hgPVSs64L.jpg;https://m.media-amazon.com/images/I/51J1J4vQKvL.jpg;https://m.media-amazon.com/images/I/61Di8v+2LfL.jpg,[ナイキ] レボリューション 8 Revolution 8 ブラック/ホワイト HJ9198-003 24.5cm,,fashion_display_on_website,,"6,692",1,"6,692",2,472,12.40%,830,5,2,ファッション,スニーカー,Shoes,B0F6V7FWNK,HJ9198-003,SHOES,nike,NIKE(ナイキ),HJ9198-003,ブラック/ホワイト,24.5 cm,スニーカー,,,no,no
https://m.media-amazon.com/images/I/51hgPVSs64L.jpg;https://m.media-amazon.com/images/I/51-mm266zML.jpg;https://m.media-amazon.com/images/I/51W3WFmVUhL.jpg;https://m.media-amazon.com/images/I/61cFvuERZaL.jpg;https://m.media-amazon.com/images/I/51hgPVSs64L.jpg;https://m.media-amazon.com/images/I/51J1J4vQKvL.jpg;https://m.media-amazon.com/images/I/61Di8v+2LfL.jpg,[ナイキ] レボリューション 8 Revolution 8 ブラック/ホワイト HJ9198-003 28.5cm,,fashion_display_on_website,,"7,682",1,"7,682",3,472,12.25%,941,8,3,ファッション,ランニング,Shoes,B0F6VGLF54,HJ9198-003,SHOES,nike,NIKE(ナイキ),HJ9198-003,ブラック/ホワイト,28.5 cm,スニーカー,,,no,no
https://m.media-amazon.com/images/I/51ANLpVNleL.jpg;https://m.media-amazon.com/images/I/71sORTP+CYL.jpg;https://m.media-amazon.com/images/I/51pNDrHkdZL.jpg;https://m.media-amazon.com/images/I/51PE0uzZASL.jpg;https://m.media-amazon.com/images/I/61tTGLUS39L.jpg;https://m.media-amazon.com/images/I/51ANLpVNleL.jpg;https://m.media-amazon.com/images/I/51+1QeSYbcL.jpg;https://m.media-amazon.com/images/I/61LNPCq1dzL.jpg;https://m.media-amazon.com/images/I/51GoZYlIafL.jpg,[ナイキ] レボリューション 8 イージーオン Revolution 8 EasyOn ブラック/ホワイト HQ2414-001 26.0cm,,fashion_display_on_website,50,"4,851",1,"4,851",46,472,12.41%,602,23,20,ファッション,スニーカー,Shoes,B0FVXDTY32,HQ2414-001,SHOES,nike,NIKE(ナイキ),HQ2414-001,ブラック/ホワイト,26.0 cm,スニーカー,,,no,no
https://m.media-amazon.com/images/I/51ANLpVNleL.jpg;https://m.media-amazon.com/images/I/71sORTP+CYL.jpg;https://m.media-amazon.com/images/I/51pNDrHkdZL.jpg;https://m.media-amazon.com/images/I/51PE0uzZASL.jpg;https://m.media-amazon.com/images/I/61tTGLUS39L.jpg;https://m.media-amazon.com/images/I/51ANLpVNleL.jpg;https://m.media-amazon.com/images/I/51+1QeSYbcL.jpg;https://m.media-amazon.com/images/I/61LNPCq1dzL.jpg;https://m.media-amazon.com/images/I/51GoZYlIafL.jpg,[ナイキ] レボリューション 8 イージーオン Revolution 8 EasyOn ブラック/ホワイト HQ2414-001 27.0cm,,fashion_display_on_website,50,"4,753",1,"4,705",79,430,12.39%,589,23,20,ファッション,ランニング,Shoes,B0FVXCKS9J,HQ2414-001,SHOES,nike,NIKE(ナイキ),HQ2414-001,ブラック/ホワイト,27.0 cm,スニーカー,,,no,no
https://m.media-amazon.com/images/I/51ANLpVNleL.jpg;https://m.media-amazon.com/images/I/71sORTP+CYL.jpg;https://m.media-amazon.com/images/I/51pNDrHkdZL.jpg;https://m.media-amazon.com/images/I/51PE0uzZASL.jpg;https://m.media-amazon.com/images/I/61tTGLUS39L.jpg;https://m.media-amazon.com/images/I/51ANLpVNleL.jpg;https://m.media-amazon.com/images/I/51+1QeSYbcL.jpg;https://m.media-amazon.com/images/I/61LNPCq1dzL.jpg;https://m.media-amazon.com/images/I/51GoZYlIafL.jpg,[ナイキ] レボリューション 8 イージーオン Revolution 8 EasyOn ブラック/ホワイト HQ2414-001 25.0cm,HQ2414-001,fashion_display_on_website,50,"4,795",8,"4,795",56,472,12.41%,595,16,13,ファッション,ランニング,Shoes,B0FVXCSTDR,HQ2414-001,SHOES,nike,NIKE(ナイキ),HQ2414-001,ブラック/ホワイト,25.0 cm,スニーカー,,,no,no
https://m.media-amazon.com/images/I/51ANLpVNleL.jpg;https://m.media-amazon.com/images/I/71sORTP+CYL.jpg;https://m.media-amazon.com/images/I/51pNDrHkdZL.jpg;https://m.media-amazon.com/images/I/51PE0uzZASL.jpg;https://m.media-amazon.com/images/I/61tTGLUS39L.jpg;https://m.media-amazon.com/images/I/51ANLpVNleL.jpg;https://m.media-amazon.com/images/I/51+1QeSYbcL.jpg;https://m.media-amazon.com/images/I/61LNPCq1dzL.jpg;https://m.media-amazon.com/images/I/51GoZYlIafL.jpg,[ナイキ] レボリューション 8 イージーオン Revolution 8 EasyOn ブラック/ホワイト HQ2414-001 27.5cm,HQ2414-001,fashion_display_on_website,50,"4,851",4,"4,851",39,472,12.41%,602,16,13,ファッション,スニーカー,Shoes,B0FVXDX46D,HQ2414-001,SHOES,nike,NIKE(ナイキ),HQ2414-001,ブラック/ホワイト,27.5 cm,スニーカー,,,no,no
https://m.media-amazon.com/images/I/51ANLpVNleL.jpg;https://m.media-amazon.com/images/I/71sORTP+CYL.jpg;https://m.media-amazon.com/images/I/51pNDrHkdZL.jpg;https://m.media-amazon.com/images/I/51PE0uzZASL.jpg;https://m.media-amazon.com/images/I/61tTGLUS39L.jpg;https://m.media-amazon.com/images/I/51ANLpVNleL.jpg;https://m.media-amazon.com/images/I/51+1QeSYbcL.jpg;https://m.media-amazon.com/images/I/61LNPCq1dzL.jpg;https://m.media-amazon.com/images/I/51GoZYlIafL.jpg,[ナイキ] レボリューション 8 イージーオン Revolution 8 EasyOn ブラック/ホワイト HQ2414-001 24.0cm,,fashion_display_on_website,,"6,300",1,"6,300",5,472,12.40%,781,3,3,ファッション,ランニング,Shoes,B0FVXGK3J3,HQ2414-001,SHOES,nike,NIKE(ナイキ),HQ2414-001,ブラック/ホワイト,24.0 cm,スニーカー,,,no,no
https://m.media-amazon.com/images/I/51ANLpVNleL.jpg;https://m.media-amazon.com/images/I/71sORTP+CYL.jpg;https://m.media-amazon.com/images/I/51pNDrHkdZL.jpg;https://m.media-amazon.com/images/I/51PE0uzZASL.jpg;https://m.media-amazon.com/images/I/61tTGLUS39L.jpg;https://m.media-amazon.com/images/I/51ANLpVNleL.jpg;https://m.media-amazon.com/images/I/51+1QeSYbcL.jpg;https://m.media-amazon.com/images/I/61LNPCq1dzL.jpg;https://m.media-amazon.com/images/I/51GoZYlIafL.jpg,[ナイキ] レボリューション 8 イージーオン Revolution 8 EasyOn ブラック/ホワイト HQ2414-001 24.5cm,,fashion_display_on_website,,"7,778",2,"7,700",3,472,12.25%,953,4,2,ファッション,スニーカー,Shoes,B0FVX98Z7G,HQ2414-001,SHOES,nike,NIKE(ナイキ),HQ2414-001,ブラック/ホワイト,24.5 cm,スニーカー,,,no,no
https://m.media-amazon.com/images/I/51ANLpVNleL.jpg;https://m.media-amazon.com/images/I/71sORTP+CYL.jpg;https://m.media-amazon.com/images/I/51pNDrHkdZL.jpg;https://m.media-amazon.com/images/I/51PE0uzZASL.jpg;https://m.media-amazon.com/images/I/61tTGLUS39L.jpg;https://m.media-amazon.com/images/I/51ANLpVNleL.jpg;https://m.media-amazon.com/images/I/51+1QeSYbcL.jpg;https://m.media-amazon.com/images/I/61LNPCq1dzL.jpg;https://m.media-amazon.com/images/I/51GoZYlIafL.jpg,[ナイキ] レボリューション 8 イージーオン Revolution 8 EasyOn ブラック/ホワイト HQ2414-001 28.0cm,,fashion_display_on_website,50,"4,799",20,"4,799",56,472,12.40%,595,20,17,ファッション,スニーカー,Shoes,B0FVXH3TBQ,HQ2414-001,SHOES,nike,NIKE(ナイキ),HQ2414-001,ブラック/ホワイト,28.0 cm,スニーカー,,,no,no
https://m.media-amazon.com/images/I/51ANLpVNleL.jpg;https://m.media-amazon.com/images/I/71sORTP+CYL.jpg;https://m.media-amazon.com/images/I/51pNDrHkdZL.jpg;https://m.media-amazon.com/images/I/51PE0uzZASL.jpg;https://m.media-amazon.com/images/I/61tTGLUS39L.jpg;https://m.media-amazon.com/images/I/51ANLpVNleL.jpg;https://m.media-amazon.com/images/I/51+1QeSYbcL.jpg;https://m.media-amazon.com/images/I/61LNPCq1dzL.jpg;https://m.media-amazon.com/images/I/51GoZYlIafL.jpg,[ナイキ] レボリューション 8 イージーオン Revolution 8 EasyOn ブラック/ホワイト HQ2414-001 26.5cm,,fashion_display_on_website,50,"4,792",1,"4,792",49,472,12.39%,594,25,22,ファッション,スニーカー,Shoes,B0FVXDC9CK,HQ2414-001,SHOES,nike,NIKE(ナイキ),HQ2414-001,ブラック/ホワイト,26.5 cm,スニーカー,,,no,no
https://m.media-amazon.com/images/I/51ANLpVNleL.jpg;https://m.media-amazon.com/images/I/71sORTP+CYL.jpg;https://m.media-amazon.com/images/I/51pNDrHkdZL.jpg;https://m.media-amazon.com/images/I/51PE0uzZASL.jpg;https://m.media-amazon.com/images/I/61tTGLUS39L.jpg;https://m.media-amazon.com/images/I/51ANLpVNleL.jpg;https://m.media-amazon.com/images/I/51+1QeSYbcL.jpg;https://m.media-amazon.com/images/I/61LNPCq1dzL.jpg;https://m.media-amazon.com/images/I/51GoZYlIafL.jpg,[ナイキ] レボリューション 8 イージーオン Revolution 8 EasyOn ブラック/ホワイト HQ2414-001 25.5cm,,fashion_display_on_website,50,"4,998",3,"4,998",61,472,12.40%,620,22,19,ファッション,ランニング,Shoes,B0FVXFMV83,HQ2414-001,SHOES,nike,NIKE(ナイキ),HQ2414-001,ブラック/ホワイト,25.5 cm,スニーカー,,,no,no
https://m.media-amazon.com/images/I/51ANLpVNleL.jpg;https://m.media-amazon.com/images/I/71sORTP+CYL.jpg;https://m.media-amazon.com/images/I/51pNDrHkdZL.jpg;https://m.media-amazon.com/images/I/51PE0uzZASL.jpg;https://m.media-amazon.com/images/I/61tTGLUS39L.jpg;https://m.media-amazon.com/images/I/51ANLpVNleL.jpg;https://m.media-amazon.com/images/I/51+1QeSYbcL.jpg;https://m.media-amazon.com/images/I/61LNPCq1dzL.jpg;https://m.media-amazon.com/images/I/51GoZYlIafL.jpg,[ナイキ] レボリューション 8 イージーオン Revolution 8 EasyOn ブラック/ホワイト HQ2414-001 29.0cm,,fashion_display_on_website,,,,"7,543",1,472,12.37%,-,3,1,ファッション,ランニング,Shoes,B0FVXD43V9,HQ2414-001,SHOES,nike,NIKE(ナイキ),HQ2414-001,ブラック/ホワイト,29.0 cm,スニーカー,,,no,no
https://m.media-amazon.com/images/I/51ANLpVNleL.jpg;https://m.media-amazon.com/images/I/71sORTP+CYL.jpg;https://m.media-amazon.com/images/I/51pNDrHkdZL.jpg;https://m.media-amazon.com/images/I/51PE0uzZASL.jpg;https://m.media-amazon.com/images/I/61tTGLUS39L.jpg;https://m.media-amazon.com/images/I/51ANLpVNleL.jpg;https://m.media-amazon.com/images/I/51+1QeSYbcL.jpg;https://m.media-amazon.com/images/I/61LNPCq1dzL.jpg;https://m.media-amazon.com/images/I/51GoZYlIafL.jpg,[ナイキ] レボリューション 8 イージーオン Revolution 8 EasyOn ブラック/ホワイト HQ2414-001 28.5cm,,fashion_display_on_website,,,,,1,472,11.69%,-,3,1,ファッション,ランニング,Shoes,B0FVXCFXZ8,HQ2414-001,SHOES,nike,NIKE(ナイキ),HQ2414-001,ブラック/ホワイト,28.5 cm,スニーカー,,,no,no
https://m.media-amazon.com/images/I/616dKsUdPgL.jpg;https://m.media-amazon.com/images/I/61+wH27f-XL.jpg;https://m.media-amazon.com/images/I/51tUvhqifAL.jpg;https://m.media-amazon.com/images/I/71+0BgrDzNL.jpg;https://m.media-amazon.com/images/I/616dKsUdPgL.jpg;https://m.media-amazon.com/images/I/61mlHEzy0HL.jpg;https://m.media-amazon.com/images/I/61VMIfkLH5L.jpg,[ナイキ] レボリューション 8 W Revolution 8 ブラック/ホワイト HJ8485-001 24.0cm,,fashion_display_on_website,100,"5,148",5,"5,148",110,472,12.39%,638,27,25,ファッション,ランニング,Shoes,B0FJLY1FNB,HJ8485-001,SHOES,nike,NIKE(ナイキ),HJ8485-001,ブラック/ホワイト,24.0 cm,スニーカー,,,no,no
https://m.media-amazon.com/images/I/616dKsUdPgL.jpg;https://m.media-amazon.com/images/I/61+wH27f-XL.jpg;https://m.media-amazon.com/images/I/51tUvhqifAL.jpg;https://m.media-amazon.com/images/I/71+0BgrDzNL.jpg;https://m.media-amazon.com/images/I/616dKsUdPgL.jpg;https://m.media-amazon.com/images/I/61mlHEzy0HL.jpg;https://m.media-amazon.com/images/I/61VMIfkLH5L.jpg,[ナイキ] レボリューション 8 W Revolution 8 ブラック/ホワイト HJ8485-001 23.5cm,,fashion_display_on_website,100,"5,000",22,"5,000",68,472,12.40%,620,15,13,ファッション,ランニング,Shoes,B0FJLZPQ6M,HJ8485-001,SHOES,nike,NIKE(ナイキ),HJ8485-001,ブラック/ホワイト,23.5 cm,スニーカー,,,no,no
https://m.media-amazon.com/images/I/616dKsUdPgL.jpg;https://m.media-amazon.com/images/I/61+wH27f-XL.jpg;https://m.media-amazon.com/images/I/51tUvhqifAL.jpg;https://m.media-amazon.com/images/I/71+0BgrDzNL.jpg;https://m.media-amazon.com/images/I/616dKsUdPgL.jpg;https://m.media-amazon.com/images/I/61mlHEzy0HL.jpg;https://m.media-amazon.com/images/I/61VMIfkLH5L.jpg,[ナイキ] レボリューション 8 W Revolution 8 ブラック/ホワイト HJ8485-001 24.5cm,,fashion_display_on_website,100,"5,100",24,"5,100",122,472,12.39%,632,35,33,ファッション,スニーカー,Shoes,B0FJLYQHDH,HJ8485-001,SHOES,nike,NIKE(ナイキ),HJ8485-001,ブラック/ホワイト,24.5 cm,スニーカー,,,no,no
https://m.media-amazon.com/images/I/616dKsUdPgL.jpg;https://m.media-amazon.com/images/I/61+wH27f-XL.jpg;https://m.media-amazon.com/images/I/51tUvhqifAL.jpg;https://m.media-amazon.com/images/I/71+0BgrDzNL.jpg;https://m.media-amazon.com/images/I/616dKsUdPgL.jpg;https://m.media-amazon.com/images/I/61mlHEzy0HL.jpg;https://m.media-amazon.com/images/I/61VMIfkLH5L.jpg,[ナイキ] レボリューション 8 W Revolution 8 ブラック/ホワイト HJ8485-001 23.0cm,,fashion_display_on_website,50,"5,247",9,"5,247",93,472,12.41%,651,22,20,ファッション,スニーカー,Shoes,B0FJLWML5C,HJ8485-001,SHOES,nike,NIKE(ナイキ),HJ8485-001,ブラック/ホワイト,23.0 cm,スニーカー,,,no,no
https://m.media-amazon.com/images/I/616dKsUdPgL.jpg;https://m.media-amazon.com/images/I/61+wH27f-XL.jpg;https://m.media-amazon.com/images/I/51tUvhqifAL.jpg;https://m.media-amazon.com/images/I/71+0BgrDzNL.jpg;https://m.media-amazon.com/images/I/616dKsUdPgL.jpg;https://m.media-amazon.com/images/I/61mlHEzy0HL.jpg;https://m.media-amazon.com/images/I/61VMIfkLH5L.jpg,[ナイキ] レボリューション 8 W Revolution 8 ブラック/ホワイト HJ8485-001 25.0cm,,fashion_display_on_website,50,"5,148",9,"5,148",107,472,12.39%,638,33,31,ファッション,ランニング,Shoes,B0FJLX3MWW,HJ8485-001,SHOES,nike,NIKE(ナイキ),HJ8485-001,ブラック/ホワイト,25.0 cm,スニーカー,,,no,no
https://m.media-amazon.com/images/I/616dKsUdPgL.jpg;https://m.media-amazon.com/images/I/61+wH27f-XL.jpg;https://m.media-amazon.com/images/I/51tUvhqifAL.jpg;https://m.media-amazon.com/images/I/71+0BgrDzNL.jpg;https://m.media-amazon.com/images/I/616dKsUdPgL.jpg;https://m.media-amazon.com/images/I/61mlHEzy0HL.jpg;https://m.media-amazon.com/images/I/61VMIfkLH5L.jpg,[ナイキ] レボリューション 8 W Revolution 8 ブラック/ホワイト HJ8485-001 22.0cm,,fashion_display_on_website,,,,"8,000",4,472,12.03%,-,2,1,ファッション,スニーカー,Shoes,B0FJLWGJKS,HJ8485-001,SHOES,nike,NIKE(ナイキ),HJ8485-001,ブラック/ホワイト,22.0 cm,スニーカー,,,no,no
https://m.media-amazon.com/images/I/61ZcEId4YbL.jpg;https://m.media-amazon.com/images/I/61e4Fr4Tx-L.jpg;https://m.media-amazon.com/images/I/61gfX0KEV-L.jpg;https://m.media-amazon.com/images/I/61ZcEId4YbL.jpg;https://m.media-amazon.com/images/I/61bMGxb9iWL.jpg;https://m.media-amazon.com/images/I/61mOqAt5dnL.jpg;https://m.media-amazon.com/images/I/61rPfBVmziL.jpg;https://m.media-amazon.com/images/I/71S0Om1xx+L.jpg;https://m.media-amazon.com/images/I/81OazKNU2lL.jpg,[ナイキ] エア マックス エクシー W AIRMAX EXCEE ホワイト/ブラック CD5432-101 24.0cm 日本国内正規品,,fashion_display_on_website,50,"7,350",1,"7,350",59,472,12.39%,911,28,26,ファッション,ランニング,Shoes,B08CD1XM3P,CD5432-101,SHOES,,NIKE(ナイキ),CD5432-101,ホワイト/ピュアプラチナム/ブラック,24.0 cm,スニーカー,,,no,no
https://m.media-amazon.com/images/I/61ZcEId4YbL.jpg;https://m.media-amazon.com/images/I/61e4Fr4Tx-L.jpg;https://m.media-amazon.com/images/I/61gfX0KEV-L.jpg;https://m.media-amazon.com/images/I/61ZcEId4YbL.jpg;https://m.media-amazon.com/images/I/61bMGxb9iWL.jpg;https://m.media-amazon.com/images/I/61mOqAt5dnL.jpg;https://m.media-amazon.com/images/I/61rPfBVmziL.jpg;https://m.media-amazon.com/images/I/71S0Om1xx+L.jpg;https://m.media-amazon.com/images/I/81OazKNU2lL.jpg,[ナイキ] エア マックス エクシー W AIRMAX EXCEE ホワイト/ブラック CD5432-101 24.5cm 日本国内正規品,,fashion_display_on_website,,"7,780",6,"7,780",30,472,12.13%,944,11,9,ファッション,ランニング,Shoes,B08CD1BV1M,CD5432-101,SHOES,,NIKE(ナイキ),CD5432-101,ホワイト/ピュアプラチナム/ブラック,24.5 cm,スニーカー,,,no,no
https://m.media-amazon.com/images/I/61ZcEId4YbL.jpg;https://m.media-amazon.com/images/I/61e4Fr4Tx-L.jpg;https://m.media-amazon.com/images/I/61gfX0KEV-L.jpg;https://m.media-amazon.com/images/I/61ZcEId4YbL.jpg;https://m.media-amazon.com/images/I/61bMGxb9iWL.jpg;https://m.media-amazon.com/images/I/61mOqAt5dnL.jpg;https://m.media-amazon.com/images/I/61rPfBVmziL.jpg;https://m.media-amazon.com/images/I/71S0Om1xx+L.jpg;https://m.media-amazon.com/images/I/81OazKNU2lL.jpg,[ナイキ] エア マックス エクシー W AIRMAX EXCEE ホワイト/ブラック CD5432-101 25.0cm 日本国内正規品,,fashion_display_on_website,,"7,400",1,"7,400",45,472,12.41%,918,20,19,ファッション,"スニーカー, ランニング",Shoes,B08CD16PHD,CD5432-101,SHOES,,NIKE(ナイキ),CD5432-101,ホワイト/ピュアプラチナム/ブラック,25.0 cm,スニーカー,,,no,no
https://m.media-amazon.com/images/I/61ZcEId4YbL.jpg;https://m.media-amazon.com/images/I/61e4Fr4Tx-L.jpg;https://m.media-amazon.com/images/I/61gfX0KEV-L.jpg;https://m.media-amazon.com/images/I/61ZcEId4YbL.jpg;https://m.media-amazon.com/images/I/61bMGxb9iWL.jpg;https://m.media-amazon.com/images/I/61mOqAt5dnL.jpg;https://m.media-amazon.com/images/I/61rPfBVmziL.jpg;https://m.media-amazon.com/images/I/71S0Om1xx+L.jpg;https://m.media-amazon.com/images/I/81OazKNU2lL.jpg,[ナイキ] エア マックス エクシー W AIRMAX EXCEE ホワイト/ブラック CD5432-101 23.5cm 日本国内正規品,,fashion_display_on_website,,"7,400",1,"7,287",48,430,12.40%,918,24,22,ファッション,ランニング,Shoes,B08CD1DKW7,CD5432-101,SHOES,,NIKE(ナイキ),CD5432-101,ホワイト/ピュアプラチナム/ブラック,23.5 cm,スニーカー,,,no,no
https://m.media-amazon.com/images/I/61ZcEId4YbL.jpg;https://m.media-amazon.com/images/I/61e4Fr4Tx-L.jpg;https://m.media-amazon.com/images/I/61gfX0KEV-L.jpg;https://m.media-amazon.com/images/I/61ZcEId4YbL.jpg;https://m.media-amazon.com/images/I/61bMGxb9iWL.jpg;https://m.media-amazon.com/images/I/61mOqAt5dnL.jpg;https://m.media-amazon.com/images/I/61rPfBVmziL.jpg;https://m.media-amazon.com/images/I/71S0Om1xx+L.jpg;https://m.media-amazon.com/images/I/81OazKNU2lL.jpg,[ナイキ] エア マックス エクシー W AIRMAX EXCEE ホワイト/ブラック CD5432-101 23.0cm 日本国内正規品,,fashion_display_on_website,,"7,099",1,"7,099",32,472,12.40%,880,21,19,ファッション,ランニング,Shoes,B08CD19R8B,CD5432-101,SHOES,,NIKE(ナイキ),CD5432-101,ホワイト/ピュアプラチナム/ブラック,23.0 cm,スニーカー,,,no,no
https://m.media-amazon.com/images/I/51ZvcloMyLL.jpg;https://m.media-amazon.com/images/I/512b7WYVgYL.jpg;https://m.media-amazon.com/images/I/51mGr4kDdNL.jpg;https://m.media-amazon.com/images/I/613i-X4yYRL.jpg;https://m.media-amazon.com/images/I/51CDVZqBXmL.jpg;https://m.media-amazon.com/images/I/51QuLQzOqfL.jpg;https://m.media-amazon.com/images/I/71lIQ2KdJjL.jpg;https://m.media-amazon.com/images/I/61lrsblWdAL.jpg;https://m.media-amazon.com/images/I/51hIt9j3OjL.jpg,[ナイキ] ズーム ライバル フライ 4 ZOOM RIVAL FLY 4 ベアリーグリーン/サファイア/ボルトアイス/ブラックスプルース FV6040-300 26.0cm,,fashion_display_on_website,50,"6,861",4,"6,861",66,472,12.41%,851,31,28,ファッション,スニーカー,Shoes,B0GV9LMR74,FV6040-300,SHOES,nike,NIKE(ナイキ),FV6040-300,ベアリーグリーン/サファイア/ボルトアイス/ブラックスプルース,26.0 cm,スニーカー,,,no,no
https://m.media-amazon.com/images/I/51ZvcloMyLL.jpg;https://m.media-amazon.com/images/I/512b7WYVgYL.jpg;https://m.media-amazon.com/images/I/51mGr4kDdNL.jpg;https://m.media-amazon.com/images/I/613i-X4yYRL.jpg;https://m.media-amazon.com/images/I/51CDVZqBXmL.jpg;https://m.media-amazon.com/images/I/51QuLQzOqfL.jpg;https://m.media-amazon.com/images/I/71lIQ2KdJjL.jpg;https://m.media-amazon.com/images/I/61lrsblWdAL.jpg;https://m.media-amazon.com/images/I/51hIt9j3OjL.jpg,[ナイキ] ズーム ライバル フライ 4 ZOOM RIVAL FLY 4 ベアリーグリーン/サファイア/ボルトアイス/ブラックスプルース FV6040-300 24.5cm,,fashion_display_on_website,50,"6,353",3,"6,353",39,472,12.40%,788,29,25,ファッション,スニーカー,Shoes,B0GV9SM8B8,FV6040-300,SHOES,nike,NIKE(ナイキ),FV6040-300,ベアリーグリーン/サファイア/ボルトアイス/ブラックスプルース,24.5 cm,スニーカー,,,no,no
https://m.media-amazon.com/images/I/51ZvcloMyLL.jpg;https://m.media-amazon.com/images/I/512b7WYVgYL.jpg;https://m.media-amazon.com/images/I/51mGr4kDdNL.jpg;https://m.media-amazon.com/images/I/613i-X4yYRL.jpg;https://m.media-amazon.com/images/I/51CDVZqBXmL.jpg;https://m.media-amazon.com/images/I/51QuLQzOqfL.jpg;https://m.media-amazon.com/images/I/71lIQ2KdJjL.jpg;https://m.media-amazon.com/images/I/61lrsblWdAL.jpg;https://m.media-amazon.com/images/I/51hIt9j3OjL.jpg,[ナイキ] ズーム ライバル フライ 4 ZOOM RIVAL FLY 4 ベアリーグリーン/サファイア/ボルトアイス/ブラックスプルース FV6040-300 26.5cm,,fashion_display_on_website,50,"7,160",4,"7,160",87,472,8%,573,36,33,ファッション,スニーカー,Shoes,B0GV9LHM7Q,FV6040-300,SHOES,nike,NIKE(ナイキ),FV6040-300,ベアリーグリーン/サファイア/ボルトアイス/ブラックスプルース,26.5 cm,スニーカー,,,no,no
https://m.media-amazon.com/images/I/51ZvcloMyLL.jpg;https://m.media-amazon.com/images/I/512b7WYVgYL.jpg;https://m.media-amazon.com/images/I/51mGr4kDdNL.jpg;https://m.media-amazon.com/images/I/613i-X4yYRL.jpg;https://m.media-amazon.com/images/I/51CDVZqBXmL.jpg;https://m.media-amazon.com/images/I/51QuLQzOqfL.jpg;https://m.media-amazon.com/images/I/71lIQ2KdJjL.jpg;https://m.media-amazon.com/images/I/61lrsblWdAL.jpg;https://m.media-amazon.com/images/I/51hIt9j3OjL.jpg,[ナイキ] ズーム ライバル フライ 4 ZOOM RIVAL FLY 4 ベアリーグリーン/サファイア/ボルトアイス/ブラックスプルース FV6040-300 27.0cm,,fashion_display_on_website,50,"7,200",2,"7,128",98,472,12.40%,893,30,26,ファッション,ランニング,Shoes,B0GV9TZXW8,FV6040-300,SHOES,nike,NIKE(ナイキ),FV6040-300,ベアリーグリーン/サファイア/ボルトアイス/ブラックスプルース,27.0 cm,スニーカー,,,no,no
https://m.media-amazon.com/images/I/51ZvcloMyLL.jpg;https://m.media-amazon.com/images/I/512b7WYVgYL.jpg;https://m.media-amazon.com/images/I/51mGr4kDdNL.jpg;https://m.media-amazon.com/images/I/613i-X4yYRL.jpg;https://m.media-amazon.com/images/I/51CDVZqBXmL.jpg;https://m.media-amazon.com/images/I/51QuLQzOqfL.jpg;https://m.media-amazon.com/images/I/71lIQ2KdJjL.jpg;https://m.media-amazon.com/images/I/61lrsblWdAL.jpg;https://m.media-amazon.com/images/I/51hIt9j3OjL.jpg,[ナイキ] ズーム ライバル フライ 4 ZOOM RIVAL FLY 4 ベアリーグリーン/サファイア/ボルトアイス/ブラックスプルース FV6040-300 27.5cm,,fashion_display_on_website,50,"7,899",23,"7,899",49,472,12.10%,956,18,15,ファッション,スニーカー,Shoes,B0GV9CDLLM,FV6040-300,SHOES,nike,NIKE(ナイキ),FV6040-300,ベアリーグリーン/サファイア/ボルトアイス/ブラックスプルース,27.5 cm,スニーカー,,,no,no
https://m.media-amazon.com/images/I/51ZvcloMyLL.jpg;https://m.media-amazon.com/images/I/512b7WYVgYL.jpg;https://m.media-amazon.com/images/I/51mGr4kDdNL.jpg;https://m.media-amazon.com/images/I/613i-X4yYRL.jpg;https://m.media-amazon.com/images/I/51CDVZqBXmL.jpg;https://m.media-amazon.com/images/I/51QuLQzOqfL.jpg;https://m.media-amazon.com/images/I/71lIQ2KdJjL.jpg;https://m.media-amazon.com/images/I/61lrsblWdAL.jpg;https://m.media-amazon.com/images/I/51hIt9j3OjL.jpg,[ナイキ] ズーム ライバル フライ 4 ZOOM RIVAL FLY 4 ベアリーグリーン/サファイア/ボルトアイス/ブラックスプルース FV6040-300 25.5cm,,fashion_display_on_website,50,"7,061",4,"6,990",35,472,12.40%,876,15,12,ファッション,陸上競技,Shoes,B0GV9PB4FM,FV6040-300,SHOES,nike,NIKE(ナイキ),FV6040-300,ベアリーグリーン/サファイア/ボルトアイス/ブラックスプルース,25.5 cm,スニーカー,,,no,no
https://m.media-amazon.com/images/I/61DaOVbc5vL.jpg;https://m.media-amazon.com/images/I/71YOy-852ZL.jpg;https://m.media-amazon.com/images/I/61fg4vT7AQL.jpg;https://m.media-amazon.com/images/I/71H6zvIkSxL.jpg;https://m.media-amazon.com/images/I/61K5jF5c4fL.jpg,[ナイキ] コート ビジョン ロー NN W COURT VISION LO NN ホワイト/ピンク DH3158-102 24.5cm ナイキジャパン正規品,,fashion_display_on_website,,,,"9,130",9,430,11.33%,-,8,4,ファッション,バスケットボール,Shoes,B09LPWZ1DL,DH3158-102,SHOES,,NIKE(ナイキ),DH3158-102,ホワイト/ピンク,24.5 cm,スニーカー,,,no,no
https://m.media-amazon.com/images/I/61jciG-Oh8L.jpg;https://m.media-amazon.com/images/I/51Xwyy+zmvL.jpg;https://m.media-amazon.com/images/I/51wZlfbNLTL.jpg;https://m.media-amazon.com/images/I/610O7Rv3oFL.jpg;https://m.media-amazon.com/images/I/61NH7oinR1L.jpg;https://m.media-amazon.com/images/I/51j-9g84S8L.jpg;https://m.media-amazon.com/images/I/61MJdvjs-fL.jpg;https://m.media-amazon.com/images/I/71yqJ-lPOIL.jpg;https://m.media-amazon.com/images/I/51XlhhaH38L.jpg,[ナイキ] レボリューション 8 イージーオン Revolution 8 EasyOn アンスラサイト HQ2414-003 28.0cm,,fashion_display_on_website,50,"5,524",4,"5,524",53,472,12.40%,685,13,10,ファッション,スニーカー,Shoes,B0FVXF5P9M,HQ2414-003,SHOES,nike,NIKE(ナイキ),HQ2414-003,アンスラサイト,28.0 cm,スニーカー,,,no,no
https://m.media-amazon.com/images/I/61jciG-Oh8L.jpg;https://m.media-amazon.com/images/I/51Xwyy+zmvL.jpg;https://m.media-amazon.com/images/I/51wZlfbNLTL.jpg;https://m.media-amazon.com/images/I/610O7Rv3oFL.jpg;https://m.media-amazon.com/images/I/61NH7oinR1L.jpg;https://m.media-amazon.com/images/I/51j-9g84S8L.jpg;https://m.media-amazon.com/images/I/61MJdvjs-fL.jpg;https://m.media-amazon.com/images/I/71yqJ-lPOIL.jpg;https://m.media-amazon.com/images/I/51XlhhaH38L.jpg,[ナイキ] レボリューション 8 イージーオン Revolution 8 EasyOn アンスラサイト HQ2414-003 27.0cm,,fashion_display_on_website,50,"5,206",2,"5,206",88,472,12.41%,646,17,14,ファッション,ランニング,Shoes,B0FVXDF38K,HQ2414-003,SHOES,nike,NIKE(ナイキ),HQ2414-003,アンスラサイト,27.0 cm,スニーカー,,,no,no
https://m.media-amazon.com/images/I/61jciG-Oh8L.jpg;https://m.media-amazon.com/images/I/51Xwyy+zmvL.jpg;https://m.media-amazon.com/images/I/51wZlfbNLTL.jpg;https://m.media-amazon.com/images/I/610O7Rv3oFL.jpg;https://m.media-amazon.com/images/I/61NH7oinR1L.jpg;https://m.media-amazon.com/images/I/51j-9g84S8L.jpg;https://m.media-amazon.com/images/I/61MJdvjs-fL.jpg;https://m.media-amazon.com/images/I/71yqJ-lPOIL.jpg;https://m.media-amazon.com/images/I/51XlhhaH38L.jpg,[ナイキ] レボリューション 8 イージーオン Revolution 8 EasyOn アンスラサイト HQ2414-003 25.5cm,,fashion_display_on_website,,"5,280",2,"5,280",33,472,12.41%,655,11,7,ファッション,ランニング,Shoes,B0FVXFHZHJ,HQ2414-003,SHOES,nike,NIKE(ナイキ),HQ2414-003,アンスラサイト,25.5 cm,スニーカー,,,no,no
https://m.media-amazon.com/images/I/61jciG-Oh8L.jpg;https://m.media-amazon.com/images/I/51Xwyy+zmvL.jpg;https://m.media-amazon.com/images/I/51wZlfbNLTL.jpg;https://m.media-amazon.com/images/I/610O7Rv3oFL.jpg;https://m.media-amazon.com/images/I/61NH7oinR1L.jpg;https://m.media-amazon.com/images/I/51j-9g84S8L.jpg;https://m.media-amazon.com/images/I/61MJdvjs-fL.jpg;https://m.media-amazon.com/images/I/71yqJ-lPOIL.jpg;https://m.media-amazon.com/images/I/51XlhhaH38L.jpg,[ナイキ] レボリューション 8 イージーオン Revolution 8 EasyOn アンスラサイト HQ2414-003 24.5cm,,fashion_display_on_website,,"5,500",3,"5,500",17,472,12.40%,682,9,7,ファッション,スニーカー,Shoes,B0FVXCM57Y,HQ2414-003,SHOES,nike,NIKE(ナイキ),HQ2414-003,アンスラサイト,24.5 cm,スニーカー,,,no,no
https://m.media-amazon.com/images/I/61jciG-Oh8L.jpg;https://m.media-amazon.com/images/I/51Xwyy+zmvL.jpg;https://m.media-amazon.com/images/I/51wZlfbNLTL.jpg;https://m.media-amazon.com/images/I/610O7Rv3oFL.jpg;https://m.media-amazon.com/images/I/61NH7oinR1L.jpg;https://m.media-amazon.com/images/I/51j-9g84S8L.jpg;https://m.media-amazon.com/images/I/61MJdvjs-fL.jpg;https://m.media-amazon.com/images/I/71yqJ-lPOIL.jpg;https://m.media-amazon.com/images/I/51XlhhaH38L.jpg,[ナイキ] レボリューション 8 イージーオン Revolution 8 EasyOn アンスラサイト HQ2414-003 27.5cm,,fashion_display_on_website,,"5,444",1,"5,444",115,675,12.40%,675,19,17,ファッション,スニーカー,Shoes,B0FVXHHDCD,HQ2414-003,SHOES,nike,NIKE(ナイキ),HQ2414-003,アンスラサイト,27.5 cm,スニーカー,,,no,no
https://m.media-amazon.com/images/I/61jciG-Oh8L.jpg;https://m.media-amazon.com/images/I/51Xwyy+zmvL.jpg;https://m.media-amazon.com/images/I/51wZlfbNLTL.jpg;https://m.media-amazon.com/images/I/610O7Rv3oFL.jpg;https://m.media-amazon.com/images/I/61NH7oinR1L.jpg;https://m.media-amazon.com/images/I/51j-9g84S8L.jpg;https://m.media-amazon.com/images/I/61MJdvjs-fL.jpg;https://m.media-amazon.com/images/I/71yqJ-lPOIL.jpg;https://m.media-amazon.com/images/I/51XlhhaH38L.jpg,[ナイキ] レボリューション 8 イージーオン Revolution 8 EasyOn アンスラサイト HQ2414-003 26.0cm,,fashion_display_on_website,50,"5,280",3,"5,280",89,472,12.41%,655,13,10,ファッション,スニーカー,Shoes,B0FVXGXHBK,HQ2414-003,SHOES,nike,NIKE(ナイキ),HQ2414-003,アンスラサイト,26.0 cm,スニーカー,,,no,no
https://m.media-amazon.com/images/I/61jciG-Oh8L.jpg;https://m.media-amazon.com/images/I/51Xwyy+zmvL.jpg;https://m.media-amazon.com/images/I/51wZlfbNLTL.jpg;https://m.media-amazon.com/images/I/610O7Rv3oFL.jpg;https://m.media-amazon.com/images/I/61NH7oinR1L.jpg;https://m.media-amazon.com/images/I/51j-9g84S8L.jpg;https://m.media-amazon.com/images/I/61MJdvjs-fL.jpg;https://m.media-amazon.com/images/I/71yqJ-lPOIL.jpg;https://m.media-amazon.com/images/I/51XlhhaH38L.jpg,[ナイキ] レボリューション 8 イージーオン Revolution 8 EasyOn アンスラサイト HQ2414-003 26.5cm,,fashion_display_on_website,50,"5,200",4,"5,200",98,430,12.40%,645,21,17,ファッション,スニーカー,Shoes,B0FVX9ZPV9,HQ2414-003,SHOES,nike,NIKE(ナイキ),HQ2414-003,アンスラサイト,26.5 cm,スニーカー,,,no,no
https://m.media-amazon.com/images/I/61jciG-Oh8L.jpg;https://m.media-amazon.com/images/I/51Xwyy+zmvL.jpg;https://m.media-amazon.com/images/I/51wZlfbNLTL.jpg;https://m.media-amazon.com/images/I/610O7Rv3oFL.jpg;https://m.media-amazon.com/images/I/61NH7oinR1L.jpg;https://m.media-amazon.com/images/I/51j-9g84S8L.jpg;https://m.media-amazon.com/images/I/61MJdvjs-fL.jpg;https://m.media-amazon.com/images/I/71yqJ-lPOIL.jpg;https://m.media-amazon.com/images/I/51XlhhaH38L.jpg,[ナイキ] レボリューション 8 イージーオン Revolution 8 EasyOn アンスラサイト HQ2414-003 24.0cm,,fashion_display_on_website,,"5,858",1,"5,858",40,472,12.41%,727,13,11,ファッション,ランニング,Shoes,B0FVXH28ZF,HQ2414-003,SHOES,nike,NIKE(ナイキ),HQ2414-003,アンスラサイト,24.0 cm,スニーカー,,,no,no
https://m.media-amazon.com/images/I/61jciG-Oh8L.jpg;https://m.media-amazon.com/images/I/51Xwyy+zmvL.jpg;https://m.media-amazon.com/images/I/51wZlfbNLTL.jpg;https://m.media-amazon.com/images/I/610O7Rv3oFL.jpg;https://m.media-amazon.com/images/I/61NH7oinR1L.jpg;https://m.media-amazon.com/images/I/51j-9g84S8L.jpg;https://m.media-amazon.com/images/I/61MJdvjs-fL.jpg;https://m.media-amazon.com/images/I/71yqJ-lPOIL.jpg;https://m.media-amazon.com/images/I/51XlhhaH38L.jpg,[ナイキ] レボリューション 8 イージーオン Revolution 8 EasyOn アンスラサイト HQ2414-003 28.5cm,"アンスラサイト, HQ2414-003",fashion_display_on_website,,"6,660",2,"6,660",5,472,10.52%,701,4,3,ファッション,ランニング,Shoes,B0FVXFXGMX,HQ2414-003,SHOES,nike,NIKE(ナイキ),HQ2414-003,アンスラサイト,28.5 cm,スニーカー,,,no,no
https://m.media-amazon.com/images/I/61jciG-Oh8L.jpg;https://m.media-amazon.com/images/I/51Xwyy+zmvL.jpg;https://m.media-amazon.com/images/I/51wZlfbNLTL.jpg;https://m.media-amazon.com/images/I/610O7Rv3oFL.jpg;https://m.media-amazon.com/images/I/61NH7oinR1L.jpg;https://m.media-amazon.com/images/I/51j-9g84S8L.jpg;https://m.media-amazon.com/images/I/61MJdvjs-fL.jpg;https://m.media-amazon.com/images/I/71yqJ-lPOIL.jpg;https://m.media-amazon.com/images/I/51XlhhaH38L.jpg,[ナイキ] レボリューション 8 イージーオン Revolution 8 EasyOn アンスラサイト HQ2414-003 25.0cm,,fashion_display_on_website,,"5,280",14,"5,280",41,472,12.41%,655,12,9,ファッション,ランニング,Shoes,B0FVXF6SG8,HQ2414-003,SHOES,nike,NIKE(ナイキ),HQ2414-003,アンスラサイト,25.0 cm,スニーカー,,,no,no
https://m.media-amazon.com/images/I/611TiLuVBPL.jpg;https://m.media-amazon.com/images/I/51OTTsAz17L.jpg;https://m.media-amazon.com/images/I/51+QXhy+oIL.jpg;https://m.media-amazon.com/images/I/61LstB1UaPL.jpg;https://m.media-amazon.com/images/I/611TiLuVBPL.jpg;https://m.media-amazon.com/images/I/612SDC44RcL.jpg;https://m.media-amazon.com/images/I/6190-FZgRWL.jpg,[ナイキ] レボリューション 8 Revolution 8 ブラック/アンスラサイト HJ9198-002 25.0cm,,fashion_display_on_website,,,,"7,200",11,472,12.40%,-,5,3,ファッション,ランニング,Shoes,B0F6VG8W7X,HJ9198-002,SHOES,nike,NIKE(ナイキ),HJ9198-002,ブラック/アンスラサイト,25.0 cm,スニーカー,,,no,no
https://m.media-amazon.com/images/I/611TiLuVBPL.jpg;https://m.media-amazon.com/images/I/51OTTsAz17L.jpg;https://m.media-amazon.com/images/I/51+QXhy+oIL.jpg;https://m.media-amazon.com/images/I/61LstB1UaPL.jpg;https://m.media-amazon.com/images/I/611TiLuVBPL.jpg;https://m.media-amazon.com/images/I/612SDC44RcL.jpg;https://m.media-amazon.com/images/I/6190-FZgRWL.jpg,[ナイキ] レボリューション 8 Revolution 8 ブラック/アンスラサイト HJ9198-002 26.5cm,,fashion_display_on_website,50,"5,680",1,"6,248",25,472,12.39%,704,10,8,ファッション,スニーカー,Shoes,B0F6VHNXZ9,HJ9198-002,SHOES,nike,NIKE(ナイキ),HJ9198-002,ブラック/アンスラサイト,26.5 cm,スニーカー,,,no,no
https://m.media-amazon.com/images/I/611TiLuVBPL.jpg;https://m.media-amazon.com/images/I/51OTTsAz17L.jpg;https://m.media-amazon.com/images/I/51+QXhy+oIL.jpg;https://m.media-amazon.com/images/I/61LstB1UaPL.jpg;https://m.media-amazon.com/images/I/611TiLuVBPL.jpg;https://m.media-amazon.com/images/I/612SDC44RcL.jpg;https://m.media-amazon.com/images/I/6190-FZgRWL.jpg,[ナイキ] レボリューション 8 Revolution 8 ブラック/アンスラサイト HJ9198-002 27.5cm,,fashion_display_on_website,,"5,680",1,"6,248",25,472,12.40%,704,10,8,ファッション,スニーカー,Shoes,B0F6VBGVS3,HJ9198-002,SHOES,,NIKE(ナイキ),HJ9198-002,ブラック/アンスラサイト,27.5 cm,スニーカー,,,no,no
https://m.media-amazon.com/images/I/611TiLuVBPL.jpg;https://m.media-amazon.com/images/I/51OTTsAz17L.jpg;https://m.media-amazon.com/images/I/51+QXhy+oIL.jpg;https://m.media-amazon.com/images/I/61LstB1UaPL.jpg;https://m.media-amazon.com/images/I/611TiLuVBPL.jpg;https://m.media-amazon.com/images/I/612SDC44RcL.jpg;https://m.media-amazon.com/images/I/6190-FZgRWL.jpg,[ナイキ] レボリューション 8 Revolution 8 ブラック/アンスラサイト HJ9198-002 27.0cm,,fashion_display_on_website,50,"5,680",4,"6,200",16,472,12.40%,704,9,7,ファッション,ランニング,Shoes,B0F6V9SPVZ,HJ9198-002,SHOES,nike,NIKE(ナイキ),HJ9198-002,ブラック/アンスラサイト,27.0 cm,スニーカー,,,no,no
https://m.media-amazon.com/images/I/611TiLuVBPL.jpg;https://m.media-amazon.com/images/I/51OTTsAz17L.jpg;https://m.media-amazon.com/images/I/51+QXhy+oIL.jpg;https://m.media-amazon.com/images/I/61LstB1UaPL.jpg;https://m.media-amazon.com/images/I/611TiLuVBPL.jpg;https://m.media-amazon.com/images/I/612SDC44RcL.jpg;https://m.media-amazon.com/images/I/6190-FZgRWL.jpg,[ナイキ] レボリューション 8 Revolution 8 ブラック/アンスラサイト HJ9198-002 26.0cm,,fashion_display_on_website,,"6,138",2,"6,138",29,472,12.40%,761,14,12,ファッション,スニーカー,Shoes,B0F6VBXW1T,HJ9198-002,SHOES,nike,NIKE(ナイキ),HJ9198-002,ブラック/アンスラサイト,26.0 cm,スニーカー,,,no,no
https://m.media-amazon.com/images/I/611TiLuVBPL.jpg;https://m.media-amazon.com/images/I/51OTTsAz17L.jpg;https://m.media-amazon.com/images/I/51+QXhy+oIL.jpg;https://m.media-amazon.com/images/I/61LstB1UaPL.jpg;https://m.media-amazon.com/images/I/611TiLuVBPL.jpg;https://m.media-amazon.com/images/I/612SDC44RcL.jpg;https://m.media-amazon.com/images/I/6190-FZgRWL.jpg,[ナイキ] レボリューション 8 Revolution 8 ブラック/アンスラサイト HJ9198-002 24.5cm,,fashion_display_on_website,,"7,852",1,,4,472,12.14%,953,4,3,ファッション,スニーカー,Shoes,B0F6V7FQ8K,HJ9198-002,SHOES,nike,NIKE(ナイキ),HJ9198-002,ブラック/アンスラサイト,24.5 cm,スニーカー,,,no,no
https://m.media-amazon.com/images/I/611TiLuVBPL.jpg;https://m.media-amazon.com/images/I/51OTTsAz17L.jpg;https://m.media-amazon.com/images/I/51+QXhy+oIL.jpg;https://m.media-amazon.com/images/I/61LstB1UaPL.jpg;https://m.media-amazon.com/images/I/611TiLuVBPL.jpg;https://m.media-amazon.com/images/I/612SDC44RcL.jpg;https://m.media-amazon.com/images/I/6190-FZgRWL.jpg,[ナイキ] レボリューション 8 Revolution 8 ブラック/アンスラサイト HJ9198-002 28.5cm,,fashion_display_on_website,,"7,605",2,"7,750",3,472,12.21%,929,4,2,ファッション,ランニング,Shoes,B0F6V7FVCP,HJ9198-002,SHOES,nike,NIKE(ナイキ),HJ9198-002,ブラック/アンスラサイト,28.5 cm,スニーカー,,,no,no
https://m.media-amazon.com/images/I/611TiLuVBPL.jpg;https://m.media-amazon.com/images/I/51OTTsAz17L.jpg;https://m.media-amazon.com/images/I/51+QXhy+oIL.jpg;https://m.media-amazon.com/images/I/61LstB1UaPL.jpg;https://m.media-amazon.com/images/I/611TiLuVBPL.jpg;https://m.media-amazon.com/images/I/612SDC44RcL.jpg;https://m.media-amazon.com/images/I/6190-FZgRWL.jpg,[ナイキ] レボリューション 8 Revolution 8 ブラック/アンスラサイト HJ9198-002 28.0cm,,fashion_display_on_website,,"6,132",3,"6,132",34,472,12.39%,760,11,9,ファッション,スニーカー,Shoes,B0F6VQH8D3,HJ9198-002,SHOES,nike,NIKE(ナイキ),HJ9198-002,ブラック/アンスラサイト,28.0 cm,スニーカー,,,no,no
https://m.media-amazon.com/images/I/611TiLuVBPL.jpg;https://m.media-amazon.com/images/I/51OTTsAz17L.jpg;https://m.media-amazon.com/images/I/51+QXhy+oIL.jpg;https://m.media-amazon.com/images/I/61LstB1UaPL.jpg;https://m.media-amazon.com/images/I/611TiLuVBPL.jpg;https://m.media-amazon.com/images/I/612SDC44RcL.jpg;https://m.media-amazon.com/images/I/6190-FZgRWL.jpg,[ナイキ] レボリューション 8 Revolution 8 ブラック/アンスラサイト HJ9198-002 25.5cm,,fashion_display_on_website,,"6,469",2,"6,435",33,472,12.40%,802,15,12,ファッション,ランニング,Shoes,B0F6V9GQT3,HJ9198-002,SHOES,nike,NIKE(ナイキ),HJ9198-002,ブラック/アンスラサイト,25.5 cm,スニーカー,,,no,no
https://m.media-amazon.com/images/I/61lRX2DvvwL.jpg;https://m.media-amazon.com/images/I/71+Jvp0qEOL.jpg;https://m.media-amazon.com/images/I/71aq4P2TB6L.jpg;https://m.media-amazon.com/images/I/61-9-kL-tkL.jpg;https://m.media-amazon.com/images/I/71xgdourN4L.jpg;https://m.media-amazon.com/images/I/61t3DT8tq0L.jpg;https://m.media-amazon.com/images/I/61wS2yrNfPL.jpg,[ナイキ] エア マックス アルファ トレーナー 6 AIR MAX ALPHA TRAINER 6 ブラック/ブラック/アンスラサイト FQ1833-003 28.0cm,,fashion_display_on_website,50,"6,280",16,"6,280",27,472,12.40%,779,3,3,ファッション,スニーカー,Shoes,B0D95ZMZJ5,FQ1833-003,SHOES,,NIKE(ナイキ),FQ1833-003,ブラック/ブラック/アンスラサイト,28.0 cm,スニーカー,,,no,no
https://m.media-amazon.com/images/I/61lRX2DvvwL.jpg;https://m.media-amazon.com/images/I/71+Jvp0qEOL.jpg;https://m.media-amazon.com/images/I/71aq4P2TB6L.jpg;https://m.media-amazon.com/images/I/61-9-kL-tkL.jpg;https://m.media-amazon.com/images/I/71xgdourN4L.jpg;https://m.media-amazon.com/images/I/61t3DT8tq0L.jpg;https://m.media-amazon.com/images/I/61wS2yrNfPL.jpg,[ナイキ] エア マックス アルファ トレーナー 6 AIR MAX ALPHA TRAINER 6 ブラック/ブラック/アンスラサイト FQ1833-003 27.0cm,,fashion_display_on_website,,"7,603",24,"7,603",25,472,11.73%,892,3,2,ファッション,ランニング,Shoes,B0D95YVNVF,FQ1833-003,SHOES,,NIKE(ナイキ),FQ1833-003,ブラック/ブラック/アンスラサイト,27.0 cm,スニーカー,,,no,no
https://m.media-amazon.com/images/I/61lRX2DvvwL.jpg;https://m.media-amazon.com/images/I/71+Jvp0qEOL.jpg;https://m.media-amazon.com/images/I/71aq4P2TB6L.jpg;https://m.media-amazon.com/images/I/61-9-kL-tkL.jpg;https://m.media-amazon.com/images/I/71xgdourN4L.jpg;https://m.media-amazon.com/images/I/61t3DT8tq0L.jpg;https://m.media-amazon.com/images/I/61wS2yrNfPL.jpg,[ナイキ] エア マックス アルファ トレーナー 6 AIR MAX ALPHA TRAINER 6 ブラック/ブラック/アンスラサイト FQ1833-003 26.5cm,,fashion_display_on_website,,"7,280",14,"7,280",46,472,12.40%,903,4,3,ファッション,スニーカー,Shoes,B0D95YM953,FQ1833-003,SHOES,,NIKE(ナイキ),FQ1833-003,ブラック/ブラック/アンスラサイト,26.5 cm,スニーカー,,,no,no
https://m.media-amazon.com/images/I/61lRX2DvvwL.jpg;https://m.media-amazon.com/images/I/71+Jvp0qEOL.jpg;https://m.media-amazon.com/images/I/71aq4P2TB6L.jpg;https://m.media-amazon.com/images/I/61-9-kL-tkL.jpg;https://m.media-amazon.com/images/I/71xgdourN4L.jpg;https://m.media-amazon.com/images/I/61t3DT8tq0L.jpg;https://m.media-amazon.com/images/I/61wS2yrNfPL.jpg,[ナイキ] エア マックス アルファ トレーナー 6 AIR MAX ALPHA TRAINER 6 ブラック/ブラック/アンスラサイト FQ1833-003 25.5cm,,fashion_display_on_website,,"6,098",2,"6,098",67,472,12.40%,756,15,13,ファッション,スニーカー,Shoes,B0D95ZX5YX,FQ1833-003,SHOES,Nike,NIKE(ナイキ),FQ1833-003,ブラック/ブラック/アンスラサイト,25.5 cm,スニーカー,,,no,no
https://m.media-amazon.com/images/I/61lRX2DvvwL.jpg;https://m.media-amazon.com/images/I/71+Jvp0qEOL.jpg;https://m.media-amazon.com/images/I/71aq4P2TB6L.jpg;https://m.media-amazon.com/images/I/61-9-kL-tkL.jpg;https://m.media-amazon.com/images/I/71xgdourN4L.jpg;https://m.media-amazon.com/images/I/61t3DT8tq0L.jpg;https://m.media-amazon.com/images/I/61wS2yrNfPL.jpg,[ナイキ] エア マックス アルファ トレーナー 6 AIR MAX ALPHA TRAINER 6 ブラック/ブラック/アンスラサイト FQ1833-003 25.0cm,,fashion_display_on_website,,"6,180",12,"6,118",26,472,7.99%,494,8,7,ファッション,ランニング,Shoes,B0D95ZPHG4,FQ1833-003,SHOES,,NIKE(ナイキ),FQ1833-003,ブラック/ブラック/アンスラサイト,25.0 cm,スニーカー,,,no,no
https://m.media-amazon.com/images/I/61lRX2DvvwL.jpg;https://m.media-amazon.com/images/I/71+Jvp0qEOL.jpg;https://m.media-amazon.com/images/I/71aq4P2TB6L.jpg;https://m.media-amazon.com/images/I/61-9-kL-tkL.jpg;https://m.media-amazon.com/images/I/71xgdourN4L.jpg;https://m.media-amazon.com/images/I/61t3DT8tq0L.jpg;https://m.media-amazon.com/images/I/61wS2yrNfPL.jpg,[ナイキ] エア マックス アルファ トレーナー 6 AIR MAX ALPHA TRAINER 6 ブラック/ブラック/アンスラサイト FQ1833-003 26.0cm,,fashion_display_on_website,50,"6,477",7,"6,477",91,472,12.40%,803,9,8,ファッション,スニーカー,Shoes,B0D95ZRWT5,FQ1833-003,SHOES,,NIKE(ナイキ),FQ1833-003,ブラック/ブラック/アンスラサイト,26.0 cm,スニーカー,,,no,no
https://m.media-amazon.com/images/I/61lRX2DvvwL.jpg;https://m.media-amazon.com/images/I/71+Jvp0qEOL.jpg;https://m.media-amazon.com/images/I/71aq4P2TB6L.jpg;https://m.media-amazon.com/images/I/61-9-kL-tkL.jpg;https://m.media-amazon.com/images/I/71xgdourN4L.jpg;https://m.media-amazon.com/images/I/61t3DT8tq0L.jpg;https://m.media-amazon.com/images/I/61wS2yrNfPL.jpg,[ナイキ] エア マックス アルファ トレーナー 6 AIR MAX ALPHA TRAINER 6 ブラック/ブラック/アンスラサイト FQ1833-003 27.5cm,,fashion_display_on_website,,"7,280",27,"7,280",55,472,12.40%,903,6,5,ファッション,スニーカー,Shoes,B0D961C476,FQ1833-003,SHOES,,NIKE(ナイキ),FQ1833-003,ブラック/ブラック/アンスラサイト,27.5 cm,スニーカー,,,no,no
https://m.media-amazon.com/images/I/515gp+QFPCL.jpg;https://m.media-amazon.com/images/I/71A5imwHj+L.jpg;https://m.media-amazon.com/images/I/51FLca4JHEL.jpg;https://m.media-amazon.com/images/I/51kpQyT38GL.jpg;https://m.media-amazon.com/images/I/61mrsXTHboL.jpg;https://m.media-amazon.com/images/I/515gp+QFPCL.jpg;https://m.media-amazon.com/images/I/61aHqja+FnL.jpg;https://m.media-amazon.com/images/I/61b+JQSO+ZL.jpg;https://m.media-amazon.com/images/I/51fbRIDDFHL.jpg,[ナイキ] コート ビジョン ロー NN W COURT VISION LO NN ブラック/ホワイト DH3158-003 日本国内正規品 24.5cm,,fashion_display_on_website,50,"6,062",2,"6,062",72,430,12.41%,752,42,41,ファッション,バスケットボール,Shoes,B0D6LDBW67,NIKE DH3158-003,SHOES,,NIKE(ナイキ),DH3158-003,ブラック/ホワイト,24.5 cm,スニーカー,,,no,no
https://m.media-amazon.com/images/I/515gp+QFPCL.jpg;https://m.media-amazon.com/images/I/71A5imwHj+L.jpg;https://m.media-amazon.com/images/I/51FLca4JHEL.jpg;https://m.media-amazon.com/images/I/51kpQyT38GL.jpg;https://m.media-amazon.com/images/I/61mrsXTHboL.jpg;https://m.media-amazon.com/images/I/515gp+QFPCL.jpg;https://m.media-amazon.com/images/I/61aHqja+FnL.jpg;https://m.media-amazon.com/images/I/61b+JQSO+ZL.jpg;https://m.media-amazon.com/images/I/51fbRIDDFHL.jpg,[ナイキ] コート ビジョン ロー NN W COURT VISION LO NN ブラック/ホワイト DH3158-003 日本国内正規品 24.0cm,,fashion_display_on_website,50,"6,469",1,"6,404",72,430,12.40%,802,37,36,ファッション,バスケットボール,Shoes,B0D6LD748K,NIKE DH3158-003,SHOES,,NIKE(ナイキ),DH3158-003,ブラック/ホワイト,24.0 cm,スニーカー,,,no,no
https://m.media-amazon.com/images/I/515gp+QFPCL.jpg;https://m.media-amazon.com/images/I/71A5imwHj+L.jpg;https://m.media-amazon.com/images/I/51FLca4JHEL.jpg;https://m.media-amazon.com/images/I/51kpQyT38GL.jpg;https://m.media-amazon.com/images/I/61mrsXTHboL.jpg;https://m.media-amazon.com/images/I/515gp+QFPCL.jpg;https://m.media-amazon.com/images/I/61aHqja+FnL.jpg;https://m.media-amazon.com/images/I/61b+JQSO+ZL.jpg;https://m.media-amazon.com/images/I/51fbRIDDFHL.jpg,[ナイキ] コート ビジョン ロー NN W COURT VISION LO NN ブラック/ホワイト DH3158-003 日本国内正規品 23.5cm,,fashion_display_on_website,,"6,633",1,"6,567",43,430,12.40%,822,26,24,ファッション,バスケットボール,Shoes,B0D6LFJ81H,NIKE DH3158-003,SHOES,,NIKE(ナイキ),DH3158-003,ブラック/ホワイト,23.5 cm,スニーカー,,,no,no
https://m.media-amazon.com/images/I/61vJWYK+b2S.jpg;https://m.media-amazon.com/images/I/61JunoVo3ES.jpg;https://m.media-amazon.com/images/I/61G92sngj7S.jpg;https://m.media-amazon.com/images/I/7149uHIC+XS.jpg;https://m.media-amazon.com/images/I/61vJWYK+b2S.jpg;https://m.media-amazon.com/images/I/61v0XvIDP5S.jpg;https://m.media-amazon.com/images/I/71hahHmUotS.jpg;https://m.media-amazon.com/images/I/71rdsbycicS.jpg;https://m.media-amazon.com/images/I/61RWQA6YeCS.jpg,[ナイキ] エア マックス SC AIR MAX SC ホワイト/グレー CW4554-100 23.5cm ナイキジャパン正規品,,fashion_display_on_website,50,"7,599",1,"7,662",6,430,12.27%,932,5,3,ファッション,スニーカー,Shoes,B091YFC2JR,CW4554-100,SHOES,,NIKE(ナイキ),CW4554-100,ホワイト/グレー,23.5 cm,スニーカー,,,no,no
https://m.media-amazon.com/images/I/61vJWYK+b2S.jpg;https://m.media-amazon.com/images/I/61JunoVo3ES.jpg;https://m.media-amazon.com/images/I/61G92sngj7S.jpg;https://m.media-amazon.com/images/I/7149uHIC+XS.jpg;https://m.media-amazon.com/images/I/61vJWYK+b2S.jpg;https://m.media-amazon.com/images/I/61v0XvIDP5S.jpg;https://m.media-amazon.com/images/I/71hahHmUotS.jpg;https://m.media-amazon.com/images/I/71rdsbycicS.jpg;https://m.media-amazon.com/images/I/61RWQA6YeCS.jpg,[ナイキ] エア マックス SC AIR MAX SC ホワイト/グレー CW4554-100 24.0cm ナイキジャパン正規品,,fashion_display_on_website,50,"6,700",3,"6,700",29,472,12.40%,831,13,12,ファッション,ランニング,Shoes,B091XVFC84,CW4554-100,SHOES,,NIKE(ナイキ),CW4554-100,ホワイト/グレー,24.0 cm,スニーカー,,,no,no
https://m.media-amazon.com/images/I/61vJWYK+b2S.jpg;https://m.media-amazon.com/images/I/61JunoVo3ES.jpg;https://m.media-amazon.com/images/I/61G92sngj7S.jpg;https://m.media-amazon.com/images/I/7149uHIC+XS.jpg;https://m.media-amazon.com/images/I/61vJWYK+b2S.jpg;https://m.media-amazon.com/images/I/61v0XvIDP5S.jpg;https://m.media-amazon.com/images/I/71hahHmUotS.jpg;https://m.media-amazon.com/images/I/71rdsbycicS.jpg;https://m.media-amazon.com/images/I/61RWQA6YeCS.jpg,[ナイキ] エア マックス SC AIR MAX SC ホワイト/グレー CW4554-100 24.5cm ナイキジャパン正規品,,fashion_display_on_website,,"6,600",2,"6,534",27,472,12.39%,818,11,11,ファッション,スニーカー,Shoes,B091YFGWZF,CW4554-100,SHOES,,NIKE(ナイキ),CW4554-100,ホワイト/グレー,24.5 cm,スニーカー,,,no,no
https://m.media-amazon.com/images/I/61vJWYK+b2S.jpg;https://m.media-amazon.com/images/I/61JunoVo3ES.jpg;https://m.media-amazon.com/images/I/61G92sngj7S.jpg;https://m.media-amazon.com/images/I/7149uHIC+XS.jpg;https://m.media-amazon.com/images/I/61vJWYK+b2S.jpg;https://m.media-amazon.com/images/I/61v0XvIDP5S.jpg;https://m.media-amazon.com/images/I/71hahHmUotS.jpg;https://m.media-amazon.com/images/I/71rdsbycicS.jpg;https://m.media-amazon.com/images/I/61RWQA6YeCS.jpg,[ナイキ] エア マックス SC AIR MAX SC ホワイト/グレー CW4554-100 23.0cm ナイキジャパン正規品,,fashion_display_on_website,,"5,949",18,"5,949",58,430,12.41%,738,14,13,ファッション,スニーカー,Shoes,B091YR7VTD,CW4554-100,SHOES,,NIKE(ナイキ),CW4554-100,ホワイト/グレー,23.0 cm,スニーカー,,,no,no
https://m.media-amazon.com/images/I/61xfB4dEYLL.jpg,[ナイキ] エア マックス SC AIR MAX SC ホワイト/ブラック CW4555-102 27.5cm,,fashion_display_on_website,,"9,810",1,"9,810",1,472,10.99%,"1,078",5,1,ファッション,スニーカー,Shoes,B091Y74DX8,CW4555-102,SHOES,,NIKE(ナイキ),CW4555-102,ホワイト/ブラック,27.5 cm,スニーカー,,,no,no
https://m.media-amazon.com/images/I/61vJWYK+b2S.jpg;https://m.media-amazon.com/images/I/61JunoVo3ES.jpg;https://m.media-amazon.com/images/I/61G92sngj7S.jpg;https://m.media-amazon.com/images/I/7149uHIC+XS.jpg;https://m.media-amazon.com/images/I/61vJWYK+b2S.jpg;https://m.media-amazon.com/images/I/61v0XvIDP5S.jpg;https://m.media-amazon.com/images/I/71hahHmUotS.jpg;https://m.media-amazon.com/images/I/71rdsbycicS.jpg;https://m.media-amazon.com/images/I/61RWQA6YeCS.jpg,[ナイキ] エア マックス SC AIR MAX SC ホワイト/グレー CW4554-100 25.0cm ナイキジャパン正規品,,fashion_display_on_website,,"6,465",1,"6,400",28,472,12.41%,802,9,9,ファッション,ランニング,Shoes,B091YRSK56,CW4554-100,SHOES,,NIKE(ナイキ),CW4554-100,ホワイト/グレー,25.0 cm,スニーカー,,,no,no
https://m.media-amazon.com/images/I/51do2BYcl1L.jpg;https://m.media-amazon.com/images/I/714U2UkyIbL.jpg;https://m.media-amazon.com/images/I/51FWzuFEpxL.jpg;https://m.media-amazon.com/images/I/51UFXXBE7iL.jpg;https://m.media-amazon.com/images/I/61WIZoUJOUL.jpg;https://m.media-amazon.com/images/I/51xO9FrXBDL.jpg;https://m.media-amazon.com/images/I/51TEWu9rRWL.jpg;https://m.media-amazon.com/images/I/71I7bNsxuVL.jpg;https://m.media-amazon.com/images/I/512JEskl2lL.jpg,[ナイキ] ズーム ライバル フライ 4 ZOOM RIVAL FLY 4 シトロンパルス/ボルトアイス/ハイパーバイオレット/インディゴバースト FV6040-801 27.0cm,,fashion_display_on_website,,"8,300",2,"8,300",64,472,11.58%,961,18,15,ファッション,ランニング,Shoes,B0GPDVBQP9,FV6040-801,SHOES,nike,NIKE(ナイキ),FV6040-801,シトロンパルス/ボルトアイス/ハイパーバイオレット/インディゴバースト,27.0 cm,スニーカー,,,no,no
https://m.media-amazon.com/images/I/61fcpWW169L.jpg,(ナイキ) NIKE バックパック ヘリテージ 男女共用,,fashion_display_on_website,800,,,"8,980",11,675,11.69%,-,6,4,ファッション,ジムサック・ナップサック,Shoes,B019453CY2,BA5351-009-Misc,BACKPACK,ナイキ,NIKE(ナイキ),BA5351-009,ブラック/ホワイト,13,,1,,no,no
https://m.media-amazon.com/images/I/51ARw1GBnFL.jpg;https://m.media-amazon.com/images/I/71+2Rs9GfnL.jpg;https://m.media-amazon.com/images/I/514n5XoMnML.jpg;https://m.media-amazon.com/images/I/51Ja32vDlRL.jpg;https://m.media-amazon.com/images/I/61PetwHLLjL.jpg;https://m.media-amazon.com/images/I/51ARw1GBnFL.jpg;https://m.media-amazon.com/images/I/51iQ2Be64yL.jpg;https://m.media-amazon.com/images/I/616thI6xxQL.jpg;https://m.media-amazon.com/images/I/519NCVQWekL.jpg,[ナイキ] レボリューション 8 イージーオン W Revolution 8 EasyOn ブラック/ホワイト HQ2415-001 23.5cm,,fashion_display_on_website,50,"4,963",3,"5,200",25,472,12.41%,616,13,10,ファッション,スニーカー,Shoes,B0FVXDDDVV,HQ2415-001,SHOES,nike,NIKE(ナイキ),HQ2415-001,ブラック/ホワイト,23.5 cm,スニーカー,,,no,no
https://m.media-amazon.com/images/I/51ARw1GBnFL.jpg;https://m.media-amazon.com/images/I/71+2Rs9GfnL.jpg;https://m.media-amazon.com/images/I/514n5XoMnML.jpg;https://m.media-amazon.com/images/I/51Ja32vDlRL.jpg;https://m.media-amazon.com/images/I/61PetwHLLjL.jpg;https://m.media-amazon.com/images/I/51ARw1GBnFL.jpg;https://m.media-amazon.com/images/I/51iQ2Be64yL.jpg;https://m.media-amazon.com/images/I/616thI6xxQL.jpg;https://m.media-amazon.com/images/I/519NCVQWekL.jpg,[ナイキ] レボリューション 8 イージーオン W Revolution 8 EasyOn ブラック/ホワイト HQ2415-001 24.0cm,,fashion_display_on_website,50,"4,910",9,"5,100",54,472,12.40%,609,18,15,ファッション,ランニング,Shoes,B0FVXC8WZC,HQ2415-001,SHOES,nike,NIKE(ナイキ),HQ2415-001,ブラック/ホワイト,24.0 cm,スニーカー,,,no,no
https://m.media-amazon.com/images/I/51ARw1GBnFL.jpg;https://m.media-amazon.com/images/I/71+2Rs9GfnL.jpg;https://m.media-amazon.com/images/I/514n5XoMnML.jpg;https://m.media-amazon.com/images/I/51Ja32vDlRL.jpg;https://m.media-amazon.com/images/I/61PetwHLLjL.jpg;https://m.media-amazon.com/images/I/51ARw1GBnFL.jpg;https://m.media-amazon.com/images/I/51iQ2Be64yL.jpg;https://m.media-amazon.com/images/I/616thI6xxQL.jpg;https://m.media-amazon.com/images/I/519NCVQWekL.jpg,[ナイキ] レボリューション 8 イージーオン W Revolution 8 EasyOn ブラック/ホワイト HQ2415-001 22.5cm,,fashion_display_on_website,,"5,400",1,"5,400",5,472,12.40%,670,6,5,ファッション,スニーカー,Shoes,B0FVXFGWNP,HQ2415-001,SHOES,nike,NIKE(ナイキ),HQ2415-001,ブラック/ホワイト,22.5 cm,スニーカー,,,no,no
https://m.media-amazon.com/images/I/51ARw1GBnFL.jpg;https://m.media-amazon.com/images/I/71+2Rs9GfnL.jpg;https://m.media-amazon.com/images/I/514n5XoMnML.jpg;https://m.media-amazon.com/images/I/51Ja32vDlRL.jpg;https://m.media-amazon.com/images/I/61PetwHLLjL.jpg;https://m.media-amazon.com/images/I/51ARw1GBnFL.jpg;https://m.media-amazon.com/images/I/51iQ2Be64yL.jpg;https://m.media-amazon.com/images/I/616thI6xxQL.jpg;https://m.media-amazon.com/images/I/519NCVQWekL.jpg,[ナイキ] レボリューション 8 イージーオン W Revolution 8 EasyOn ブラック/ホワイト HQ2415-001 25.0cm,,fashion_display_on_website,,"5,051",4,"5,050",22,472,12.40%,626,10,8,ファッション,ランニング,Shoes,B0FVXFQ8YL,HQ2415-001,SHOES,nike,NIKE(ナイキ),HQ2415-001,ブラック/ホワイト,25.0 cm,スニーカー,,,no,no
https://m.media-amazon.com/images/I/51ARw1GBnFL.jpg;https://m.media-amazon.com/images/I/71+2Rs9GfnL.jpg;https://m.media-amazon.com/images/I/514n5XoMnML.jpg;https://m.media-amazon.com/images/I/51Ja32vDlRL.jpg;https://m.media-amazon.com/images/I/61PetwHLLjL.jpg;https://m.media-amazon.com/images/I/51ARw1GBnFL.jpg;https://m.media-amazon.com/images/I/51iQ2Be64yL.jpg;https://m.media-amazon.com/images/I/616thI6xxQL.jpg;https://m.media-amazon.com/images/I/519NCVQWekL.jpg,[ナイキ] レボリューション 8 イージーオン W Revolution 8 EasyOn ブラック/ホワイト HQ2415-001 24.5cm,,fashion_display_on_website,50,"5,051",1,"5,051",53,472,12.40%,626,17,13,ファッション,スニーカー,Shoes,B0FVXDK2QK,HQ2415-001,SHOES,nike,NIKE(ナイキ),HQ2415-001,ブラック/ホワイト,24.5 cm,スニーカー,,,no,no
https://m.media-amazon.com/images/I/51ARw1GBnFL.jpg;https://m.media-amazon.com/images/I/71+2Rs9GfnL.jpg;https://m.media-amazon.com/images/I/514n5XoMnML.jpg;https://m.media-amazon.com/images/I/51Ja32vDlRL.jpg;https://m.media-amazon.com/images/I/61PetwHLLjL.jpg;https://m.media-amazon.com/images/I/51ARw1GBnFL.jpg;https://m.media-amazon.com/images/I/51iQ2Be64yL.jpg;https://m.media-amazon.com/images/I/616thI6xxQL.jpg;https://m.media-amazon.com/images/I/519NCVQWekL.jpg,[ナイキ] レボリューション 8 イージーオン W Revolution 8 EasyOn ブラック/ホワイト HQ2415-001 23.0cm,,fashion_display_on_website,,"4,861",6,"4,861",93,472,12.40%,603,21,17,ファッション,スニーカー,Shoes,B0FVXC6GVV,HQ2415-001,SHOES,nike,NIKE(ナイキ),HQ2415-001,ブラック/ホワイト,23.0 cm,スニーカー,,,no,no
https://m.media-amazon.com/images/I/51ARw1GBnFL.jpg;https://m.media-amazon.com/images/I/71+2Rs9GfnL.jpg;https://m.media-amazon.com/images/I/514n5XoMnML.jpg;https://m.media-amazon.com/images/I/51Ja32vDlRL.jpg;https://m.media-amazon.com/images/I/61PetwHLLjL.jpg;https://m.media-amazon.com/images/I/51ARw1GBnFL.jpg;https://m.media-amazon.com/images/I/51iQ2Be64yL.jpg;https://m.media-amazon.com/images/I/616thI6xxQL.jpg;https://m.media-amazon.com/images/I/519NCVQWekL.jpg,[ナイキ] レボリューション 8 イージーオン W Revolution 8 EasyOn ブラック/ホワイト HQ2415-001 26.0cm,,fashion_display_on_website,,,,"6,248",2,472,12.25%,-,3,2,ファッション,スニーカー,Shoes,B0FVXGX6LN,HQ2415-001,SHOES,nike,NIKE(ナイキ),HQ2415-001,ブラック/ホワイト,26.0 cm,スニーカー,,,no,no
https://m.media-amazon.com/images/I/51MTLgvNZiL.jpg;https://m.media-amazon.com/images/I/51q+ES18lOL.jpg;https://m.media-amazon.com/images/I/518fcNdDjmL.jpg;https://m.media-amazon.com/images/I/519ty53LOBL.jpg;https://m.media-amazon.com/images/I/61M20+EiNzL.jpg;https://m.media-amazon.com/images/I/51MTLgvNZiL.jpg;https://m.media-amazon.com/images/I/61nmqdhcM7L.jpg;https://m.media-amazon.com/images/I/61+8bDEMx9L.jpg;https://m.media-amazon.com/images/I/51SaO1AnaqL.jpg,[ナイキ] エア マックス エクシー SE W AIR MAX EXCEE SE ベージュ/リネン/ホワイト IR1380-001 24.0cm,,fashion_display_on_website,50,"7,300",2,"7,300",39,472,12.40%,905,20,17,ファッション,ランニング,Shoes,B0GXVKTJDV,IR1380-001,SHOES,nike,NIKE(ナイキ),IR1380-001,ベージュ/リネン/ホワイト,24.0 cm,スニーカー,,,no,no
https://m.media-amazon.com/images/I/51MTLgvNZiL.jpg;https://m.media-amazon.com/images/I/51q+ES18lOL.jpg;https://m.media-amazon.com/images/I/518fcNdDjmL.jpg;https://m.media-amazon.com/images/I/519ty53LOBL.jpg;https://m.media-amazon.com/images/I/61M20+EiNzL.jpg;https://m.media-amazon.com/images/I/51MTLgvNZiL.jpg;https://m.media-amazon.com/images/I/61nmqdhcM7L.jpg;https://m.media-amazon.com/images/I/61+8bDEMx9L.jpg;https://m.media-amazon.com/images/I/51SaO1AnaqL.jpg,[ナイキ] エア マックス エクシー SE W AIR MAX EXCEE SE ベージュ/リネン/ホワイト IR1380-001 24.5cm,,fashion_display_on_website,50,"7,439",1,"7,438",65,472,12.02%,894,20,17,ファッション,スニーカー,Shoes,B0GXVKLS35,IR1380-001,SHOES,nike,NIKE(ナイキ),IR1380-001,ベージュ/リネン/ホワイト,24.5 cm,スニーカー,,,no,no
https://m.media-amazon.com/images/I/51MTLgvNZiL.jpg;https://m.media-amazon.com/images/I/51q+ES18lOL.jpg;https://m.media-amazon.com/images/I/518fcNdDjmL.jpg;https://m.media-amazon.com/images/I/519ty53LOBL.jpg;https://m.media-amazon.com/images/I/61M20+EiNzL.jpg;https://m.media-amazon.com/images/I/51MTLgvNZiL.jpg;https://m.media-amazon.com/images/I/61nmqdhcM7L.jpg;https://m.media-amazon.com/images/I/61+8bDEMx9L.jpg;https://m.media-amazon.com/images/I/51SaO1AnaqL.jpg,[ナイキ] エア マックス エクシー SE W AIR MAX EXCEE SE ベージュ/リネン/ホワイト IR1380-001 23.5cm,,fashion_display_on_website,,"7,480",3,"7,479",44,430,12.26%,917,17,14,ファッション,スニーカー,Shoes,B0GXVLY6XG,IR1380-001,SHOES,nike,NIKE(ナイキ),IR1380-001,ベージュ/リネン/ホワイト,23.5 cm,スニーカー,,,no,no
https://m.media-amazon.com/images/I/51UammNxYiL.jpg;https://m.media-amazon.com/images/I/61Iw2Zg-51L.jpg;https://m.media-amazon.com/images/I/41rPG4MNs2L.jpg;https://m.media-amazon.com/images/I/41+CcDS36ZL.jpg;https://m.media-amazon.com/images/I/51NeA4tK8LL.jpg;https://m.media-amazon.com/images/I/51YG1DB0YbL.jpg;https://m.media-amazon.com/images/I/51VesYJL1EL.jpg,[ナイキ] エア ズーム ライバルフライ 4 Air Zoom Rivalfly 4 ブラック/ウルフグレー/ボルト/ホワイト FV6040-001 25.0cm,,fashion_display_on_website,,"7,900",1,"7,900",45,472,12.10%,956,17,13,ファッション,ランニング,Shoes,B0DJK15QXY,FV6040-001,SHOES,nike,NIKE(ナイキ),FV6040-001,ブラック/ウルフグレー/ボルト/ホワイト,25.0 cm,スニーカー,,,no,no
https://m.media-amazon.com/images/I/51UammNxYiL.jpg;https://m.media-amazon.com/images/I/61Iw2Zg-51L.jpg;https://m.media-amazon.com/images/I/41rPG4MNs2L.jpg;https://m.media-amazon.com/images/I/41+CcDS36ZL.jpg;https://m.media-amazon.com/images/I/51NeA4tK8LL.jpg;https://m.media-amazon.com/images/I/51YG1DB0YbL.jpg;https://m.media-amazon.com/images/I/51VesYJL1EL.jpg,[ナイキ] エア ズーム ライバルフライ 4 Air Zoom Rivalfly 4 ブラック/ウルフグレー/ボルト/ホワイト FV6040-001 26.0cm,,fashion_display_on_website,50,"8,445",7,"8,445",91,472,11.72%,990,8,8,ファッション,スニーカー,Shoes,B0DJK1DV1R,FV6040-001,SHOES,,NIKE(ナイキ),FV6040-001,ブラック/ウルフグレー/ボルト/ホワイト,26.0 cm,スニーカー,,,no,no
https://m.media-amazon.com/images/I/51UammNxYiL.jpg;https://m.media-amazon.com/images/I/61Iw2Zg-51L.jpg;https://m.media-amazon.com/images/I/41rPG4MNs2L.jpg;https://m.media-amazon.com/images/I/41+CcDS36ZL.jpg;https://m.media-amazon.com/images/I/51NeA4tK8LL.jpg;https://m.media-amazon.com/images/I/51YG1DB0YbL.jpg;https://m.media-amazon.com/images/I/51VesYJL1EL.jpg,[ナイキ] エア ズーム ライバルフライ 4 Air Zoom Rivalfly 4 ブラック/ウルフグレー/ボルト/ホワイト FV6040-001 23.0cm,,fashion_display_on_website,,"8,315",4,"8,315",19,430,11.81%,982,5,4,ファッション,スニーカー,Shoes,B0DJJY5DPG,FV6040-001,SHOES,nike,NIKE(ナイキ),FV6040-001,ブラック/ウルフグレー/ボルト/ホワイト,23.0 cm,スニーカー,,,no,no
https://m.media-amazon.com/images/I/51UammNxYiL.jpg;https://m.media-amazon.com/images/I/61Iw2Zg-51L.jpg;https://m.media-amazon.com/images/I/41rPG4MNs2L.jpg;https://m.media-amazon.com/images/I/41+CcDS36ZL.jpg;https://m.media-amazon.com/images/I/51NeA4tK8LL.jpg;https://m.media-amazon.com/images/I/51YG1DB0YbL.jpg;https://m.media-amazon.com/images/I/51VesYJL1EL.jpg,[ナイキ] エア ズーム ライバルフライ 4 Air Zoom Rivalfly 4 ブラック/ウルフグレー/ボルト/ホワイト FV6040-001 23.5cm,,fashion_display_on_website,,"9,290",1,"9,290",3,430,11.25%,"1,045",4,3,ファッション,アウトドア,Shoes,B0DJJZ5Z8S,FV6040-001,SHOES,,NIKE(ナイキ),FV6040-001,ブラック/ウルフグレー/ボルト/ホワイト,23.5 cm,スニーカー,,,no,no
https://m.media-amazon.com/images/I/51UammNxYiL.jpg;https://m.media-amazon.com/images/I/61Iw2Zg-51L.jpg;https://m.media-amazon.com/images/I/41rPG4MNs2L.jpg;https://m.media-amazon.com/images/I/41+CcDS36ZL.jpg;https://m.media-amazon.com/images/I/51NeA4tK8LL.jpg;https://m.media-amazon.com/images/I/51YG1DB0YbL.jpg;https://m.media-amazon.com/images/I/51VesYJL1EL.jpg,[ナイキ] エア ズーム ライバルフライ 4 Air Zoom Rivalfly 4 ブラック/ウルフグレー/ボルト/ホワイト FV6040-001 28.5cm,,fashion_display_on_website,,"9,736",1,"12,100",1,472,10.93%,"1,064",2,1,ファッション,ランニング,Shoes,B0DJJZLHDF,FV6040-001,SHOES,nike,NIKE(ナイキ),FV6040-001,ブラック/ウルフグレー/ボルト/ホワイト,28.5 cm,スニーカー,,,no,no
https://m.media-amazon.com/images/I/51UammNxYiL.jpg;https://m.media-amazon.com/images/I/61Iw2Zg-51L.jpg;https://m.media-amazon.com/images/I/41rPG4MNs2L.jpg;https://m.media-amazon.com/images/I/41+CcDS36ZL.jpg;https://m.media-amazon.com/images/I/51NeA4tK8LL.jpg;https://m.media-amazon.com/images/I/51YG1DB0YbL.jpg;https://m.media-amazon.com/images/I/51VesYJL1EL.jpg,[ナイキ] エア ズーム ライバルフライ 4 Air Zoom Rivalfly 4 ブラック/ウルフグレー/ボルト/ホワイト FV6040-001 25.5cm,,fashion_display_on_website,,"8,250",8,"8,250",54,472,11.85%,978,16,12,ファッション,ランニング,Shoes,B0DJJYNHHN,FV6040-001,SHOES,nike,NIKE(ナイキ),FV6040-001,ブラック/ウルフグレー/ボルト/ホワイト,25.5 cm,スニーカー,,,no,no
https://m.media-amazon.com/images/I/51dU2lcocaL.jpg;https://m.media-amazon.com/images/I/51mf7fmFFdL.jpg;https://m.media-amazon.com/images/I/51XLOSJbXjL.jpg;https://m.media-amazon.com/images/I/510Nrkng15L.jpg;https://m.media-amazon.com/images/I/61gDJ8fbgPL.jpg;https://m.media-amazon.com/images/I/51V+7ajorlL.jpg;https://m.media-amazon.com/images/I/51SKMnMAKOL.jpg;https://m.media-amazon.com/images/I/518gulKbLtL.jpg;https://m.media-amazon.com/images/I/61TL5J0oNrL.jpg,[ナイキ] エバノン ロー EBERNON LOW ホワイト/ホワイト AQ1775-100 ナイキジャパン正規品 26.0cm,,fashion_display_on_website,50,"7,980",1,"7,800",21,472,12.17%,971,9,8,ファッション,バスケットボール,Shoes,B09YYGC5PX,AQ1775-100,SHOES,nike,NIKE(ナイキ),AQ1775-100,ホワイト/ホワイト,26.0 cm,スニーカー,,,no,no
https://m.media-amazon.com/images/I/518hz7G9XmL.jpg;https://m.media-amazon.com/images/I/61nFJnuUI3L.jpg;https://m.media-amazon.com/images/I/519LYShqXpL.jpg;https://m.media-amazon.com/images/I/51RJnLanCFL.jpg;https://m.media-amazon.com/images/I/51pWLDJXCWL.jpg;https://m.media-amazon.com/images/I/51YcIJ62HsL.jpg;https://m.media-amazon.com/images/I/61VlQAGWXLL.jpg;https://m.media-amazon.com/images/I/71lyu6y5uUL.jpg;https://m.media-amazon.com/images/I/51eowjCwmjL.jpg,[ナイキ] エバノン ロー EBERNON LOW ブラック/ブラック AQ1775-003 ナイキジャパン正規品 28.5cm,,fashion_display_on_website,,"5,980",11,"5,980",11,472,12.41%,742,3,1,ファッション,バスケットボール,Shoes,B09YYHD2H7,AQ1775-003,SHOES,,NIKE(ナイキ),AQ1775-003,ブラック/ブラック,28.5 cm,スニーカー,,,no,no
https://m.media-amazon.com/images/I/51dU2lcocaL.jpg;https://m.media-amazon.com/images/I/51mf7fmFFdL.jpg;https://m.media-amazon.com/images/I/51XLOSJbXjL.jpg;https://m.media-amazon.com/images/I/510Nrkng15L.jpg;https://m.media-amazon.com/images/I/61gDJ8fbgPL.jpg;https://m.media-amazon.com/images/I/51V+7ajorlL.jpg;https://m.media-amazon.com/images/I/51SKMnMAKOL.jpg;https://m.media-amazon.com/images/I/518gulKbLtL.jpg;https://m.media-amazon.com/images/I/61TL5J0oNrL.jpg,[ナイキ] エバノン ロー EBERNON LOW ホワイト/ホワイト AQ1775-100 ナイキジャパン正規品 29.0cm,,fashion_display_on_website,,"7,799",3,"7,799",10,472,12.17%,949,5,4,ファッション,バスケットボール,Shoes,B09YYHRMT7,AQ1775-100,SHOES,nike,NIKE(ナイキ),AQ1775-100,ホワイト/ホワイト,29.0 cm,スニーカー,,,no,no
https://m.media-amazon.com/images/I/518hz7G9XmL.jpg;https://m.media-amazon.com/images/I/61nFJnuUI3L.jpg;https://m.media-amazon.com/images/I/519LYShqXpL.jpg;https://m.media-amazon.com/images/I/51RJnLanCFL.jpg;https://m.media-amazon.com/images/I/51pWLDJXCWL.jpg;https://m.media-amazon.com/images/I/51YcIJ62HsL.jpg;https://m.media-amazon.com/images/I/61VlQAGWXLL.jpg;https://m.media-amazon.com/images/I/71lyu6y5uUL.jpg;https://m.media-amazon.com/images/I/51eowjCwmjL.jpg,[ナイキ] エバノン ロー EBERNON LOW ブラック/ブラック AQ1775-003 ナイキジャパン正規品 26.0cm,,fashion_display_on_website,,"4,980",22,"4,980",42,472,12.41%,618,7,5,ファッション,バスケットボール,Shoes,B09YYH7C4S,AQ1775-003,SHOES,,NIKE(ナイキ),AQ1775-003,ブラック/ブラック,26.0 cm,スニーカー,,,no,no
https://m.media-amazon.com/images/I/518hz7G9XmL.jpg;https://m.media-amazon.com/images/I/61nFJnuUI3L.jpg;https://m.media-amazon.com/images/I/519LYShqXpL.jpg;https://m.media-amazon.com/images/I/51RJnLanCFL.jpg;https://m.media-amazon.com/images/I/51pWLDJXCWL.jpg;https://m.media-amazon.com/images/I/51YcIJ62HsL.jpg;https://m.media-amazon.com/images/I/61VlQAGWXLL.jpg;https://m.media-amazon.com/images/I/71lyu6y5uUL.jpg;https://m.media-amazon.com/images/I/51eowjCwmjL.jpg,[ナイキ] エバノン ロー EBERNON LOW ブラック/ブラック AQ1775-003 日本国内正規品 25.0cm,,fashion_display_on_website,,"6,890",1,"6,890",8,472,12.39%,854,5,5,ファッション,バスケットボール,Shoes,B09YYJPKFX,NIKE AQ1775-003,SHOES,,NIKE(ナイキ),AQ1775-003,ブラック/ブラック,25.0 cm,スニーカー,,,no,no
https://m.media-amazon.com/images/I/61ErGWEKiXL.jpg;https://m.media-amazon.com/images/I/71zrqJsvVRL.jpg;https://m.media-amazon.com/images/I/612eNhZDfaL.jpg;https://m.media-amazon.com/images/I/61O-QNE7fZL.jpg;https://m.media-amazon.com/images/I/71FuVT3ByrL.jpg;https://m.media-amazon.com/images/I/616JDY7GqKL.jpg;https://m.media-amazon.com/images/I/61lR3wXudjL.jpg;https://m.media-amazon.com/images/I/81zFs-jku+L.jpg;https://m.media-amazon.com/images/I/51a6rDe5XPL.jpg,[ナイキ] レボリューション 7 Revolution 7 ブラック/オフノワール FB8501-001 日本国内正規品 26.0cm,,fashion_display_on_website,,"5,370",4,"5,370",41,472,12.40%,666,9,9,ファッション,ランニング,Shoes,B0CJLN3B6V,NIKE FB8501-001,SHOES,,NIKE(ナイキ),FB8501-001,ブラック/オフノワール,26.0 cm,スニーカー,,,no,no
https://m.media-amazon.com/images/I/61ErGWEKiXL.jpg;https://m.media-amazon.com/images/I/71zrqJsvVRL.jpg;https://m.media-amazon.com/images/I/612eNhZDfaL.jpg;https://m.media-amazon.com/images/I/61O-QNE7fZL.jpg;https://m.media-amazon.com/images/I/71FuVT3ByrL.jpg;https://m.media-amazon.com/images/I/616JDY7GqKL.jpg;https://m.media-amazon.com/images/I/61lR3wXudjL.jpg;https://m.media-amazon.com/images/I/81zFs-jku+L.jpg;https://m.media-amazon.com/images/I/51a6rDe5XPL.jpg,[ナイキ] レボリューション 7 Revolution 7 ブラック/オフノワール FB8501-001 日本国内正規品 27.5cm,,fashion_display_on_website,,"6,980",1,"6,980",4,472,12.41%,866,4,3,ファッション,ランニング,Shoes,B0CJKV5Y5P,NIKE FB8501-001,SHOES,,NIKE(ナイキ),FB8501-001,ブラック/オフノワール,27.5 cm,スニーカー,,,no,no
https://m.media-amazon.com/images/I/51bjRLl1WWL.jpg;https://m.media-amazon.com/images/I/61Ihkek6jvL.jpg;https://m.media-amazon.com/images/I/51aa79ekfuL.jpg;https://m.media-amazon.com/images/I/51OSXP9mdWL.jpg;https://m.media-amazon.com/images/I/61QwDUEtlsL.jpg;https://m.media-amazon.com/images/I/51bjRLl1WWL.jpg;https://m.media-amazon.com/images/I/511lY+VtuZL.jpg;https://m.media-amazon.com/images/I/61ydj1Zo1cL.jpg;https://m.media-amazon.com/images/I/51QRPXCZsWL.jpg,[ナイキ] レボリューション 8 W Revolution 8 ホワイト/ピュアプラチナ HJ8485-101 25.0cm,,fashion_display_on_website,50,"5,100",2,"5,100",18,472,12.39%,632,9,6,ファッション,ランニング,Shoes,B0GD83BGBS,HJ8485-101,SHOES,nike,NIKE(ナイキ),HJ8485-101,ホワイト/ピュアプラチナ,25.0 cm,スニーカー,,,no,no
https://m.media-amazon.com/images/I/51bjRLl1WWL.jpg;https://m.media-amazon.com/images/I/61Ihkek6jvL.jpg;https://m.media-amazon.com/images/I/51aa79ekfuL.jpg;https://m.media-amazon.com/images/I/51OSXP9mdWL.jpg;https://m.media-amazon.com/images/I/61QwDUEtlsL.jpg;https://m.media-amazon.com/images/I/51bjRLl1WWL.jpg;https://m.media-amazon.com/images/I/511lY+VtuZL.jpg;https://m.media-amazon.com/images/I/61ydj1Zo1cL.jpg;https://m.media-amazon.com/images/I/51QRPXCZsWL.jpg,[ナイキ] レボリューション 8 W Revolution 8 ホワイト/ピュアプラチナ HJ8485-101 24.0cm,,fashion_display_on_website,50,"4,789",10,"4,789",52,472,12.40%,594,23,21,ファッション,ランニング,Shoes,B0GD819RTB,HJ8485-101,SHOES,nike,NIKE(ナイキ),HJ8485-101,ホワイト/ピュアプラチナ,24.0 cm,スニーカー,,,no,no
https://m.media-amazon.com/images/I/51bjRLl1WWL.jpg;https://m.media-amazon.com/images/I/61Ihkek6jvL.jpg;https://m.media-amazon.com/images/I/51aa79ekfuL.jpg;https://m.media-amazon.com/images/I/51OSXP9mdWL.jpg;https://m.media-amazon.com/images/I/61QwDUEtlsL.jpg;https://m.media-amazon.com/images/I/51bjRLl1WWL.jpg;https://m.media-amazon.com/images/I/511lY+VtuZL.jpg;https://m.media-amazon.com/images/I/61ydj1Zo1cL.jpg;https://m.media-amazon.com/images/I/51QRPXCZsWL.jpg,[ナイキ] レボリューション 8 W Revolution 8 ホワイト/ピュアプラチナ HJ8485-101 23.5cm,,fashion_display_on_website,,"4,750",6,"4,750",49,472,12.39%,589,15,12,ファッション,スニーカー,Shoes,B0GD824RG4,HJ8485-101,SHOES,nike,NIKE(ナイキ),HJ8485-101,ホワイト/ピュアプラチナ,23.5 cm,スニーカー,,,no,no
https://m.media-amazon.com/images/I/51bjRLl1WWL.jpg;https://m.media-amazon.com/images/I/61Ihkek6jvL.jpg;https://m.media-amazon.com/images/I/51aa79ekfuL.jpg;https://m.media-amazon.com/images/I/51OSXP9mdWL.jpg;https://m.media-amazon.com/images/I/61QwDUEtlsL.jpg;https://m.media-amazon.com/images/I/51bjRLl1WWL.jpg;https://m.media-amazon.com/images/I/511lY+VtuZL.jpg;https://m.media-amazon.com/images/I/61ydj1Zo1cL.jpg;https://m.media-amazon.com/images/I/51QRPXCZsWL.jpg,[ナイキ] レボリューション 8 W Revolution 8 ホワイト/ピュアプラチナ HJ8485-101 24.5cm,,fashion_display_on_website,50,"4,736",1,"4,736",48,472,12.39%,587,24,21,ファッション,スニーカー,Shoes,B0GD8LPJLJ,HJ8485-101,SHOES,nike,NIKE(ナイキ),HJ8485-101,ホワイト/ピュアプラチナ,24.5 cm,スニーカー,,,no,no
https://m.media-amazon.com/images/I/51bpdtz-vUL.jpg;https://m.media-amazon.com/images/I/51CrNNWy4QL.jpg;https://m.media-amazon.com/images/I/512JQ8DtEfL.jpg;https://m.media-amazon.com/images/I/614iych-XiL.jpg;https://m.media-amazon.com/images/I/51D8hX+HwtL.jpg;https://m.media-amazon.com/images/I/51mAlyQ-V9L.jpg;https://m.media-amazon.com/images/I/71whobfRqcL.jpg;https://m.media-amazon.com/images/I/61TC4C3JCDL.jpg;https://m.media-amazon.com/images/I/51zvgObadoL.jpg,[ナイキ] レボリューション 7 W Revolution 7 ホワイト/セイル/ブラック/メタリックシルバー FB2208-101 日本国内正規品 22.5cm,,fashion_display_on_website,,"5,800",2,"5,800",6,430,12.40%,719,4,4,ファッション,ランニング,Shoes,B0CRM2W8BX,NIKE FB2208-101,SHOES,,NIKE(ナイキ),FB2208-101,ホワイト/セイル/ブラック/メタリックシルバー,22.5 cm,スニーカー,,,no,no
https://m.media-amazon.com/images/I/61SKVYR1caL.jpg;https://m.media-amazon.com/images/I/71yQihuGY7L.jpg;https://m.media-amazon.com/images/I/61hVmfWB--L.jpg;https://m.media-amazon.com/images/I/61NrBCbDk3L.jpg;https://m.media-amazon.com/images/I/71iteluAqrL.jpg;https://m.media-amazon.com/images/I/61M3A5Ow5CL.jpg;https://m.media-amazon.com/images/I/51sxIxwfBIL.jpg;https://m.media-amazon.com/images/I/81tWTBUIiRL.jpg;https://m.media-amazon.com/images/I/51KnSuwEsjL.jpg,NIKE [ナイキ] レボリューション 7 W Revolution 7 ブラック/ホワイト FB2208-003 日本国内正規品 22.5cm,,fashion_display_on_website,,"6,990",4,,5,472,12.40%,867,2,2,ファッション,ランニング,Shoes,B0CK9NG37J,NIKE FB2208-003,SHOES,,NIKE(ナイキ),FB2208-003,ブラック/ホワイト,22.5 cm,スニーカー,,,no,no
https://m.media-amazon.com/images/I/51bpdtz-vUL.jpg;https://m.media-amazon.com/images/I/51CrNNWy4QL.jpg;https://m.media-amazon.com/images/I/512JQ8DtEfL.jpg;https://m.media-amazon.com/images/I/614iych-XiL.jpg;https://m.media-amazon.com/images/I/51D8hX+HwtL.jpg;https://m.media-amazon.com/images/I/51mAlyQ-V9L.jpg;https://m.media-amazon.com/images/I/71whobfRqcL.jpg;https://m.media-amazon.com/images/I/61TC4C3JCDL.jpg;https://m.media-amazon.com/images/I/51zvgObadoL.jpg,[ナイキ] レボリューション 7 W Revolution 7 ホワイト/セイル/ブラック/メタリックシルバー FB2208-101 日本国内正規品 23.0cm,,fashion_display_on_website,,"5,480",1,"5,480",31,472,12.39%,679,11,10,ファッション,ランニング,Shoes,B0CRLVHM55,NIKE FB2208-101,SHOES,,NIKE(ナイキ),FB2208-101,ホワイト/セイル/ブラック/メタリックシルバー,23.0 cm,スニーカー,,,no,no
https://m.media-amazon.com/images/I/61SKVYR1caL.jpg;https://m.media-amazon.com/images/I/71yQihuGY7L.jpg;https://m.media-amazon.com/images/I/61hVmfWB--L.jpg;https://m.media-amazon.com/images/I/61NrBCbDk3L.jpg;https://m.media-amazon.com/images/I/71iteluAqrL.jpg;https://m.media-amazon.com/images/I/61M3A5Ow5CL.jpg;https://m.media-amazon.com/images/I/51sxIxwfBIL.jpg;https://m.media-amazon.com/images/I/81tWTBUIiRL.jpg;https://m.media-amazon.com/images/I/51KnSuwEsjL.jpg,[ナイキ] レボリューション 7 W Revolution 7 ブラック/ホワイト FB2208-003 日本国内正規品 22.0cm,,fashion_display_on_website,,"5,720",19,"5,681",25,430,12.39%,709,5,4,ファッション,ランニング,Shoes,B0CK9QC915,NIKE FB2208-003,SHOES,,NIKE(ナイキ),FB2208-003,ブラック/ホワイト,22.0 cm,スニーカー,,,no,no
https://m.media-amazon.com/images/I/51bpdtz-vUL.jpg;https://m.media-amazon.com/images/I/51CrNNWy4QL.jpg;https://m.media-amazon.com/images/I/512JQ8DtEfL.jpg;https://m.media-amazon.com/images/I/614iych-XiL.jpg;https://m.media-amazon.com/images/I/51D8hX+HwtL.jpg;https://m.media-amazon.com/images/I/51mAlyQ-V9L.jpg;https://m.media-amazon.com/images/I/71whobfRqcL.jpg;https://m.media-amazon.com/images/I/61TC4C3JCDL.jpg;https://m.media-amazon.com/images/I/51zvgObadoL.jpg,[ナイキ] レボリューション 7 W Revolution 7 ホワイト/セイル/ブラック/メタリックシルバー FB2208-101 日本国内正規品 23.5cm,,fashion_display_on_website,,"5,380",15,"5,380",18,472,12.40%,667,4,3,ファッション,ランニング,Shoes,B0CRLW9CV2,NIKE FB2208-101,SHOES,,NIKE(ナイキ),FB2208-101,ホワイト/セイル/ブラック/メタリックシルバー,23.5 cm,スニーカー,,,no,no
https://m.media-amazon.com/images/I/51bpdtz-vUL.jpg;https://m.media-amazon.com/images/I/51CrNNWy4QL.jpg;https://m.media-amazon.com/images/I/512JQ8DtEfL.jpg;https://m.media-amazon.com/images/I/614iych-XiL.jpg;https://m.media-amazon.com/images/I/51D8hX+HwtL.jpg;https://m.media-amazon.com/images/I/51mAlyQ-V9L.jpg;https://m.media-amazon.com/images/I/71whobfRqcL.jpg;https://m.media-amazon.com/images/I/61TC4C3JCDL.jpg;https://m.media-amazon.com/images/I/51zvgObadoL.jpg,[ナイキ] レボリューション 7 W Revolution 7 ホワイト/セイル/ブラック/メタリックシルバー FB2208-101 日本国内正規品 24.0cm,,fashion_display_on_website,,"5,488",8,"5,488",11,472,12.41%,681,4,3,ファッション,ランニング,Shoes,B0CRLXJPH2,NIKE FB2208-101,SHOES,,NIKE(ナイキ),FB2208-101,ホワイト/セイル/ブラック/メタリックシルバー,24.0 cm,スニーカー,,,no,no
https://m.media-amazon.com/images/I/51bpdtz-vUL.jpg;https://m.media-amazon.com/images/I/51CrNNWy4QL.jpg;https://m.media-amazon.com/images/I/512JQ8DtEfL.jpg;https://m.media-amazon.com/images/I/614iych-XiL.jpg;https://m.media-amazon.com/images/I/51D8hX+HwtL.jpg;https://m.media-amazon.com/images/I/51mAlyQ-V9L.jpg;https://m.media-amazon.com/images/I/71whobfRqcL.jpg;https://m.media-amazon.com/images/I/61TC4C3JCDL.jpg;https://m.media-amazon.com/images/I/51zvgObadoL.jpg,[ナイキ] レボリューション 7 W Revolution 7 ホワイト/セイル/ブラック/メタリックシルバー FB2208-101 日本国内正規品 25.0cm,,fashion_display_on_website,,"5,296",4,,18,472,12.41%,657,3,3,ファッション,ランニング,Shoes,B0CRM6NYG4,NIKE FB2208-101,SHOES,,NIKE(ナイキ),FB2208-101,ホワイト/セイル/ブラック/メタリックシルバー,25.0 cm,スニーカー,,,no,no
https://m.media-amazon.com/images/I/51cvopdpj9L.jpg;https://m.media-amazon.com/images/I/61aXWN+Pp+L.jpg;https://m.media-amazon.com/images/I/51aLlRBlnML.jpg;https://m.media-amazon.com/images/I/51a4KDo0TXL.jpg;https://m.media-amazon.com/images/I/51SkOzoMV5L.jpg;https://m.media-amazon.com/images/I/5131fj50qaL.jpg;https://m.media-amazon.com/images/I/5193Bj2t+NL.jpg,[ナイキ] チャージ スエード CHARGE SUEDE ブラック/ブラック/ガムライトブラウン/アンスラサイト IB2750-003 27.0cm,,fashion_display_on_website,50,"4,997",2,"4,997",88,472,12.41%,620,28,27,ファッション,ランニング,Shoes,B0DYY7RJM7,IB2750-003,SHOES,nike,NIKE(ナイキ),IB2750-003,ブラック/ブラック/ガムライトブラウン/アンスラサイト,27.0 cm,スニーカー,,,no,no
https://m.media-amazon.com/images/I/51cvopdpj9L.jpg;https://m.media-amazon.com/images/I/61aXWN+Pp+L.jpg;https://m.media-amazon.com/images/I/51aLlRBlnML.jpg;https://m.media-amazon.com/images/I/51a4KDo0TXL.jpg;https://m.media-amazon.com/images/I/51SkOzoMV5L.jpg;https://m.media-amazon.com/images/I/5131fj50qaL.jpg;https://m.media-amazon.com/images/I/5193Bj2t+NL.jpg,[ナイキ] チャージ スエード CHARGE SUEDE ブラック/ブラック/ガムライトブラウン/アンスラサイト IB2750-003 26.0cm,,fashion_display_on_website,,"4,980",1,"4,980",74,472,12.41%,618,17,15,ファッション,スニーカー,Shoes,B0DYY7FR81,IB2750-003,SHOES,nike,NIKE(ナイキ),IB2750-003,ブラック/ブラック/ガムライトブラウン/アンスラサイト,26.0 cm,スニーカー,,,no,no
https://m.media-amazon.com/images/I/51cvopdpj9L.jpg;https://m.media-amazon.com/images/I/61aXWN+Pp+L.jpg;https://m.media-amazon.com/images/I/51aLlRBlnML.jpg;https://m.media-amazon.com/images/I/51a4KDo0TXL.jpg;https://m.media-amazon.com/images/I/51SkOzoMV5L.jpg;https://m.media-amazon.com/images/I/5131fj50qaL.jpg;https://m.media-amazon.com/images/I/5193Bj2t+NL.jpg,[ナイキ] チャージ スエード CHARGE SUEDE ブラック/ブラック/ガムライトブラウン/アンスラサイト IB2750-003 26.5cm,,fashion_display_on_website,50,"5,030",12,"4,980",58,472,12.41%,624,16,14,ファッション,スニーカー,Shoes,B0DYY8PX8M,IB2750-003,SHOES,nike,NIKE(ナイキ),IB2750-003,ブラック/ブラック/ガムライトブラウン/アンスラサイト,26.5 cm,スニーカー,,,no,no
https://m.media-amazon.com/images/I/51cvopdpj9L.jpg;https://m.media-amazon.com/images/I/61aXWN+Pp+L.jpg;https://m.media-amazon.com/images/I/51aLlRBlnML.jpg;https://m.media-amazon.com/images/I/51a4KDo0TXL.jpg;https://m.media-amazon.com/images/I/51SkOzoMV5L.jpg;https://m.media-amazon.com/images/I/5131fj50qaL.jpg;https://m.media-amazon.com/images/I/5193Bj2t+NL.jpg,[ナイキ] チャージ スエード CHARGE SUEDE ブラック/ブラック/ガムライトブラウン/アンスラサイト IB2750-003 27.5cm,,fashion_display_on_website,,"5,048",4,"4,998",83,472,12.40%,626,24,22,ファッション,スニーカー,Shoes,B0DYY8QLQF,IB2750-003,SHOES,nike,NIKE(ナイキ),IB2750-003,ブラック/ブラック/ガムライトブラウン/アンスラサイト,27.5 cm,スニーカー,,,no,no
https://m.media-amazon.com/images/I/511r873Ml-L.jpg;https://m.media-amazon.com/images/I/51pNOhN1NjL.jpg;https://m.media-amazon.com/images/I/51PrbDq9SIL.jpg;https://m.media-amazon.com/images/I/61F10buQpiL.jpg;https://m.media-amazon.com/images/I/51N9jZpWLFL.jpg;https://m.media-amazon.com/images/I/512wEfcrXVL.jpg;https://m.media-amazon.com/images/I/61xr+H53fGL.jpg;https://m.media-amazon.com/images/I/61yK0TaG0+L.jpg;https://m.media-amazon.com/images/I/51kJG3J60JL.jpg,[ナイキ] エア マックス アクシス J AIR MAX AXIS ホワイト/ブラック AH5222-100 日本国内正規品 22.5cm,,fashion_display_on_website,,"7,980",4,"7,900",10,430,12.04%,961,3,3,ファッション,ランニング,Shoes,B0CBYHVHDF,NIKE AH5222-100,SHOES,,NIKE(ナイキ),AH5222-100,ホワイト/ブラック,22.5 cm,スニーカー,,,no,no
https://m.media-amazon.com/images/I/511r873Ml-L.jpg;https://m.media-amazon.com/images/I/51pNOhN1NjL.jpg;https://m.media-amazon.com/images/I/51PrbDq9SIL.jpg;https://m.media-amazon.com/images/I/61F10buQpiL.jpg;https://m.media-amazon.com/images/I/51N9jZpWLFL.jpg;https://m.media-amazon.com/images/I/512wEfcrXVL.jpg;https://m.media-amazon.com/images/I/61xr+H53fGL.jpg;https://m.media-amazon.com/images/I/61yK0TaG0+L.jpg;https://m.media-amazon.com/images/I/51kJG3J60JL.jpg,[ナイキ] エア マックス アクシス J AIR MAX AXIS ホワイト/ブラック AH5222-100 日本国内正規品 24.0cm,,fashion_display_on_website,,"7,879",18,"7,800",23,472,12.11%,954,5,4,ファッション,ランニング,Shoes,B0CBYJTPWZ,NIKE AH5222-100,SHOES,,NIKE(ナイキ),AH5222-100,ホワイト/ブラック,24.0 cm,スニーカー,,,no,no
https://m.media-amazon.com/images/I/511r873Ml-L.jpg;https://m.media-amazon.com/images/I/51pNOhN1NjL.jpg;https://m.media-amazon.com/images/I/51PrbDq9SIL.jpg;https://m.media-amazon.com/images/I/61F10buQpiL.jpg;https://m.media-amazon.com/images/I/51N9jZpWLFL.jpg;https://m.media-amazon.com/images/I/512wEfcrXVL.jpg;https://m.media-amazon.com/images/I/61xr+H53fGL.jpg;https://m.media-amazon.com/images/I/61yK0TaG0+L.jpg;https://m.media-amazon.com/images/I/51kJG3J60JL.jpg,[ナイキ] エア マックス アクシス J AIR MAX AXIS ホワイト/ブラック AH5222-100 日本国内正規品 23.5cm,,fashion_display_on_website,,"7,980",20,"7,980",23,472,12.04%,961,3,3,ファッション,ランニング,Shoes,B0CBYJJS78,NIKE AH5222-100,SHOES,,NIKE(ナイキ),AH5222-100,ホワイト/ブラック,23.5 cm,スニーカー,,,no,no
https://m.media-amazon.com/images/I/511r873Ml-L.jpg;https://m.media-amazon.com/images/I/51pNOhN1NjL.jpg;https://m.media-amazon.com/images/I/51PrbDq9SIL.jpg;https://m.media-amazon.com/images/I/61F10buQpiL.jpg;https://m.media-amazon.com/images/I/51N9jZpWLFL.jpg;https://m.media-amazon.com/images/I/512wEfcrXVL.jpg;https://m.media-amazon.com/images/I/61xr+H53fGL.jpg;https://m.media-amazon.com/images/I/61yK0TaG0+L.jpg;https://m.media-amazon.com/images/I/51kJG3J60JL.jpg,[ナイキ] エア マックス アクシス J AIR MAX AXIS ホワイト/ブラック AH5222-100 日本国内正規品 24.5cm,,fashion_display_on_website,,"7,405",2,"7,405",48,472,12.40%,918,6,5,ファッション,ランニング,Shoes,B0CBYJ2119,NIKE AH5222-100,SHOES,,NIKE(ナイキ),AH5222-100,ホワイト/ブラック,24.5 cm,スニーカー,,,no,no
https://m.media-amazon.com/images/I/61OcVwovHyS.jpg;https://m.media-amazon.com/images/I/61s-C3HE6fS.jpg;https://m.media-amazon.com/images/I/61DeNFi1LTS.jpg;https://m.media-amazon.com/images/I/613cFC9HN3S.jpg;https://m.media-amazon.com/images/I/61OcVwovHyS.jpg;https://m.media-amazon.com/images/I/61pzJpS7ZlS.jpg;https://m.media-amazon.com/images/I/71V-z1qgYDS.jpg;https://m.media-amazon.com/images/I/714727q+MqS.jpg;https://m.media-amazon.com/images/I/51Fc60oMr7S.jpg,[ナイキ] コート ビジョン ロー NN COURT VISION LO NN ブラック/ブラック DH2987-002 28.0cm 日本国内正規品,,fashion_display_on_website,,"8,019",2,"8,019",9,472,12.01%,963,8,6,ファッション,スニーカー,Shoes,B098NLN83S,NIKE DH2987-002,SHOES,,NIKE(ナイキ),DH2987-002,ブラック/ブラック,28.0 cm,スニーカー,,,no,no
https://m.media-amazon.com/images/I/61OcVwovHyS.jpg;https://m.media-amazon.com/images/I/61s-C3HE6fS.jpg;https://m.media-amazon.com/images/I/61DeNFi1LTS.jpg;https://m.media-amazon.com/images/I/613cFC9HN3S.jpg;https://m.media-amazon.com/images/I/61OcVwovHyS.jpg;https://m.media-amazon.com/images/I/61pzJpS7ZlS.jpg;https://m.media-amazon.com/images/I/71V-z1qgYDS.jpg;https://m.media-amazon.com/images/I/714727q+MqS.jpg;https://m.media-amazon.com/images/I/51Fc60oMr7S.jpg,[ナイキ] コート ビジョン ロー NN COURT VISION LO NN ブラック/ブラック DH2987-002 25.5cm 日本国内正規品,,fashion_display_on_website,,"6,302",1,"6,302",36,472,12.39%,781,22,20,ファッション,スニーカー,Shoes,B098NJBJMS,NIKE DH2987-002,SHOES,,NIKE(ナイキ),DH2987-002,ブラック/ブラック,25.5 cm,スニーカー,,,no,no
https://m.media-amazon.com/images/I/61OcVwovHyS.jpg;https://m.media-amazon.com/images/I/61s-C3HE6fS.jpg;https://m.media-amazon.com/images/I/61DeNFi1LTS.jpg;https://m.media-amazon.com/images/I/613cFC9HN3S.jpg;https://m.media-amazon.com/images/I/61OcVwovHyS.jpg;https://m.media-amazon.com/images/I/61pzJpS7ZlS.jpg;https://m.media-amazon.com/images/I/71V-z1qgYDS.jpg;https://m.media-amazon.com/images/I/714727q+MqS.jpg;https://m.media-amazon.com/images/I/51Fc60oMr7S.jpg,[ナイキ] コート ビジョン ロー NN COURT VISION LO NN ブラック/ブラック DH2987-002 27.5cm 日本国内正規品,,fashion_display_on_website,,"7,800",3,"7,800",13,472,12.17%,949,9,7,ファッション,スニーカー,Shoes,B098NN1NSB,NIKE DH2987-002,SHOES,,NIKE(ナイキ),DH2987-002,ブラック/ブラック,27.5 cm,スニーカー,,,no,no
https://m.media-amazon.com/images/I/61OcVwovHyS.jpg;https://m.media-amazon.com/images/I/61s-C3HE6fS.jpg;https://m.media-amazon.com/images/I/61DeNFi1LTS.jpg;https://m.media-amazon.com/images/I/613cFC9HN3S.jpg;https://m.media-amazon.com/images/I/61OcVwovHyS.jpg;https://m.media-amazon.com/images/I/61pzJpS7ZlS.jpg;https://m.media-amazon.com/images/I/71V-z1qgYDS.jpg;https://m.media-amazon.com/images/I/714727q+MqS.jpg;https://m.media-amazon.com/images/I/51Fc60oMr7S.jpg,[ナイキ] コート ビジョン ロー NN COURT VISION LO NN ブラック/ブラック DH2987-002 27.0cm 日本国内正規品,,fashion_display_on_website,,"7,336",3,"7,336",19,472,12.22%,896,13,11,ファッション,スニーカー,Shoes,B098NJVNN7,NIKE DH2987-002,SHOES,,NIKE(ナイキ),DH2987-002,ブラック/ブラック,27.0 cm,スニーカー,,,no,no
https://m.media-amazon.com/images/I/61kQVN5Jl7L.jpg;https://m.media-amazon.com/images/I/71g-W0BmKmL.jpg;https://m.media-amazon.com/images/I/81tqSV+OHTL.jpg;https://m.media-amazon.com/images/I/812lrV55TLL.jpg;https://m.media-amazon.com/images/I/71rO2EhyyXL.jpg,[ナイキ] REVOLUTION 6 NN GS キッズスニーカー DD1096 003 ホワイト/ダークスモークグレー 22.5 cm,,fashion_display_on_website,,"4,980",3,"4,980",9,472,12.41%,618,4,4,ファッション,運動靴・スニーカー,Shoes,B0983PNNYN,DD1096-003,SHOES,Nike,NIKE(ナイキ),DD1096-003,ブラック,22.5 cm,スニーカー,,,no,no
https://m.media-amazon.com/images/I/61kQVN5Jl7L.jpg;https://m.media-amazon.com/images/I/71g-W0BmKmL.jpg;https://m.media-amazon.com/images/I/81tqSV+OHTL.jpg;https://m.media-amazon.com/images/I/812lrV55TLL.jpg;https://m.media-amazon.com/images/I/71rO2EhyyXL.jpg,[ナイキ] REVOLUTION 6 NN GS キッズスニーカー DD1096 003 ホワイト/ダークスモークグレー 23.5 cm,,fashion_display_on_website,,"4,800",13,"4,800",27,472,12.40%,595,10,10,ファッション,運動靴・スニーカー,Shoes,B0983L16T5,DD1096,SHOES,Nike,NIKE(ナイキ),DD1096-003,ブラック,23.5 cm,アスレチック。,,,no,no
https://m.media-amazon.com/images/I/61kQVN5Jl7L.jpg;https://m.media-amazon.com/images/I/71g-W0BmKmL.jpg;https://m.media-amazon.com/images/I/81tqSV+OHTL.jpg;https://m.media-amazon.com/images/I/812lrV55TLL.jpg;https://m.media-amazon.com/images/I/71rO2EhyyXL.jpg,[ナイキ] REVOLUTION 6 NN GS キッズスニーカー DD1096 003 ホワイト/ダークスモークグレー 24.0 cm,,fashion_display_on_website,,"4,636",1,"4,636",28,472,12.40%,575,14,14,ファッション,運動靴・スニーカー,Shoes,B0983KWHPG,DD1096-003,SHOES,Nike,NIKE(ナイキ),DD1096-003,ブラック,24.0 cm,,,,no,no
https://m.media-amazon.com/images/I/51vWbFPTWeL.jpg;https://m.media-amazon.com/images/I/516KGT1FTpL.jpg;https://m.media-amazon.com/images/I/51ic2NfkN4L.jpg;https://m.media-amazon.com/images/I/61rUEocFr4L.jpg;https://m.media-amazon.com/images/I/61SnRXrS4QL.jpg;https://m.media-amazon.com/images/I/61avcCk4XHL.jpg;https://m.media-amazon.com/images/I/518kkXCYjbL.jpg;https://m.media-amazon.com/images/I/61zxMzyo1GL.jpg;https://m.media-amazon.com/images/I/51soem21vbL.jpg,[ナイキ] フライト レガシー FLIGHT LEGACY ホワイト/ユニバーシティレッド/ブラック BQ4212-100 ナイキジャパン正規品 27.0cm,,fashion_display_on_website,50,"9,300",3,"9,300",23,472,11.51%,"1,070",6,4,ファッション,バスケットボール,Shoes,B0CBYHBP4F,BQ4212-100,SHOES,,NIKE(ナイキ),BQ4212-100,ホワイト/ユニバーシティレッド/ブラック,27.0 cm,スニーカー,,,no,no
https://m.media-amazon.com/images/I/61PWYvBhJhL.jpg;https://m.media-amazon.com/images/I/41HAOrGQ-hL.jpg;https://m.media-amazon.com/images/I/41ttSUcCLXL.jpg;https://m.media-amazon.com/images/I/61QugE3QixL.jpg;https://m.media-amazon.com/images/I/51EGs-JtgVL.jpg;https://m.media-amazon.com/images/I/51RNAvzS+WL.jpg;https://m.media-amazon.com/images/I/714smsHWxqL.jpg,[ナイキ] エア マックス コリレート AIR MAX CORRELATE ブラック/クールグレー/ウルフグレー/ホワイト 511416-011 28.0cm,,fashion_display_on_website,,"9,680",3,"9,680",51,472,11.05%,"1,070",9,8,ファッション,スニーカー,Shoes,B0DJY4SXMW,511416-011,SHOES,nike,NIKE(ナイキ),511416-011,ブラック/クールグレー/ウルフグレー/ホワイト,28.0 cm,スニーカー,,,no,no
https://m.media-amazon.com/images/I/515fGF0vgBL.jpg;https://m.media-amazon.com/images/I/71um-uvLK9L.jpg;https://m.media-amazon.com/images/I/51ivkFpQ+DL.jpg;https://m.media-amazon.com/images/I/51NdmmzVhAL.jpg;https://m.media-amazon.com/images/I/61TW3G53MoL.jpg;https://m.media-amazon.com/images/I/51fecu3S-PL.jpg;https://m.media-amazon.com/images/I/51V6KAGWG-L.jpg;https://m.media-amazon.com/images/I/61D3qSDJT8L.jpg;https://m.media-amazon.com/images/I/51BoeGL52ML.jpg,[ナイキ] レボリューション 8 Revolution 8 ホワイト/ピュアプラチナム HJ9198-100 27.5cm,,fashion_display_on_website,,"5,480",,"5,480",15,472,12.40%,680,7,6,ファッション,スニーカー,Shoes,B0FSS3ZZ5K,HJ9198-100,SHOES,nike,NIKE(ナイキ),HJ9198-100,ホワイト/ピュアプラチナム,27.5 cm,スニーカー,,,no,no
https://m.media-amazon.com/images/I/515fGF0vgBL.jpg;https://m.media-amazon.com/images/I/71um-uvLK9L.jpg;https://m.media-amazon.com/images/I/51ivkFpQ+DL.jpg;https://m.media-amazon.com/images/I/51NdmmzVhAL.jpg;https://m.media-amazon.com/images/I/61TW3G53MoL.jpg;https://m.media-amazon.com/images/I/51fecu3S-PL.jpg;https://m.media-amazon.com/images/I/51V6KAGWG-L.jpg;https://m.media-amazon.com/images/I/61D3qSDJT8L.jpg;https://m.media-amazon.com/images/I/51BoeGL52ML.jpg,[ナイキ] レボリューション 8 Revolution 8 ホワイト/ピュアプラチナム HJ9198-100 26.5cm,,fashion_display_on_website,,"6,180",4,"6,180",22,472,12.40%,766,9,8,ファッション,スニーカー,Shoes,B0FSSR3RBJ,HJ9198-100,SHOES,nike,NIKE(ナイキ),HJ9198-100,ホワイト/ピュアプラチナム,26.5 cm,スニーカー,,,no,no
https://m.media-amazon.com/images/I/515fGF0vgBL.jpg;https://m.media-amazon.com/images/I/71um-uvLK9L.jpg;https://m.media-amazon.com/images/I/51ivkFpQ+DL.jpg;https://m.media-amazon.com/images/I/51NdmmzVhAL.jpg;https://m.media-amazon.com/images/I/61TW3G53MoL.jpg;https://m.media-amazon.com/images/I/51fecu3S-PL.jpg;https://m.media-amazon.com/images/I/51V6KAGWG-L.jpg;https://m.media-amazon.com/images/I/61D3qSDJT8L.jpg;https://m.media-amazon.com/images/I/51BoeGL52ML.jpg,[ナイキ] レボリューション 8 Revolution 8 ホワイト/ピュアプラチナム HJ9198-100 24.5cm,,fashion_display_on_website,,,,,13,472,11.50%,-,5,2,ファッション,スニーカー,Shoes,B0FSSMZ4CC,HJ9198-100,SHOES,nike,NIKE(ナイキ),HJ9198-100,ホワイト/ピュアプラチナム,24.5 cm,スニーカー,,,no,no
https://m.media-amazon.com/images/I/515fGF0vgBL.jpg;https://m.media-amazon.com/images/I/71um-uvLK9L.jpg;https://m.media-amazon.com/images/I/51ivkFpQ+DL.jpg;https://m.media-amazon.com/images/I/51NdmmzVhAL.jpg;https://m.media-amazon.com/images/I/61TW3G53MoL.jpg;https://m.media-amazon.com/images/I/51fecu3S-PL.jpg;https://m.media-amazon.com/images/I/51V6KAGWG-L.jpg;https://m.media-amazon.com/images/I/61D3qSDJT8L.jpg;https://m.media-amazon.com/images/I/51BoeGL52ML.jpg,[ナイキ] レボリューション 8 Revolution 8 ホワイト/ピュアプラチナム HJ9198-100 28.0cm,,fashion_display_on_website,,"5,480",5,"5,480",10,472,12.40%,680,6,5,ファッション,スニーカー,Shoes,B0FSS3ZNDN,HJ9198-100,SHOES,nike,NIKE(ナイキ),HJ9198-100,ホワイト/ピュアプラチナム,28.0 cm,スニーカー,,,no,no
https://m.media-amazon.com/images/I/515fGF0vgBL.jpg;https://m.media-amazon.com/images/I/71um-uvLK9L.jpg;https://m.media-amazon.com/images/I/51ivkFpQ+DL.jpg;https://m.media-amazon.com/images/I/51NdmmzVhAL.jpg;https://m.media-amazon.com/images/I/61TW3G53MoL.jpg;https://m.media-amazon.com/images/I/51fecu3S-PL.jpg;https://m.media-amazon.com/images/I/51V6KAGWG-L.jpg;https://m.media-amazon.com/images/I/61D3qSDJT8L.jpg;https://m.media-amazon.com/images/I/51BoeGL52ML.jpg,[ナイキ] レボリューション 8 Revolution 8 ホワイト/ピュアプラチナム HJ9198-100 26.0cm,,fashion_display_on_website,,"6,980",6,"6,980",29,472,12.39%,865,9,8,ファッション,スニーカー,Shoes,B0FSSKDJHT,HJ9198-100,SHOES,nike,NIKE(ナイキ),HJ9198-100,ホワイト/ピュアプラチナム,26.0 cm,スニーカー,,,no,no
https://m.media-amazon.com/images/I/515fGF0vgBL.jpg;https://m.media-amazon.com/images/I/71um-uvLK9L.jpg;https://m.media-amazon.com/images/I/51ivkFpQ+DL.jpg;https://m.media-amazon.com/images/I/51NdmmzVhAL.jpg;https://m.media-amazon.com/images/I/61TW3G53MoL.jpg;https://m.media-amazon.com/images/I/51fecu3S-PL.jpg;https://m.media-amazon.com/images/I/51V6KAGWG-L.jpg;https://m.media-amazon.com/images/I/61D3qSDJT8L.jpg;https://m.media-amazon.com/images/I/51BoeGL52ML.jpg,[ナイキ] レボリューション 8 Revolution 8 ホワイト/ピュアプラチナム HJ9198-100 27.0cm,,fashion_display_on_website,,"6,927",3,"6,927",42,472,12.40%,859,9,8,ファッション,ランニング,Shoes,B0FSS3Y6TX,HJ9198-100,SHOES,nike,NIKE(ナイキ),HJ9198-100,ホワイト/ピュアプラチナム,27.0 cm,スニーカー,,,no,no
https://m.media-amazon.com/images/I/515fGF0vgBL.jpg;https://m.media-amazon.com/images/I/71um-uvLK9L.jpg;https://m.media-amazon.com/images/I/51ivkFpQ+DL.jpg;https://m.media-amazon.com/images/I/51NdmmzVhAL.jpg;https://m.media-amazon.com/images/I/61TW3G53MoL.jpg;https://m.media-amazon.com/images/I/51fecu3S-PL.jpg;https://m.media-amazon.com/images/I/51V6KAGWG-L.jpg;https://m.media-amazon.com/images/I/61D3qSDJT8L.jpg;https://m.media-amazon.com/images/I/51BoeGL52ML.jpg,[ナイキ] レボリューション 8 Revolution 8 ホワイト/ピュアプラチナム HJ9198-100 25.0cm,,fashion_display_on_website,,"6,970",12,"6,900",25,472,12.40%,864,6,5,ファッション,ランニング,Shoes,B0FSSQHTJC,HJ9198-100,SHOES,nike,NIKE(ナイキ),HJ9198-100,ホワイト/ピュアプラチナム,25.0 cm,スニーカー,,,no,no
https://m.media-amazon.com/images/I/515fGF0vgBL.jpg;https://m.media-amazon.com/images/I/71um-uvLK9L.jpg;https://m.media-amazon.com/images/I/51ivkFpQ+DL.jpg;https://m.media-amazon.com/images/I/51NdmmzVhAL.jpg;https://m.media-amazon.com/images/I/61TW3G53MoL.jpg;https://m.media-amazon.com/images/I/51fecu3S-PL.jpg;https://m.media-amazon.com/images/I/51V6KAGWG-L.jpg;https://m.media-amazon.com/images/I/61D3qSDJT8L.jpg;https://m.media-amazon.com/images/I/51BoeGL52ML.jpg,[ナイキ] レボリューション 8 Revolution 8 ホワイト/ピュアプラチナム HJ9198-100 25.5cm,,fashion_display_on_website,,"6,630",6,"6,630",15,472,12.40%,822,6,5,ファッション,ランニング,Shoes,B0FSSPL7FT,HJ9198-100,SHOES,nike,NIKE(ナイキ),HJ9198-100,ホワイト/ピュアプラチナム,25.5 cm,スニーカー,,,no,no
https://m.media-amazon.com/images/I/61sf8mYzSxL.jpg;https://m.media-amazon.com/images/I/61LFzFtw+WL.jpg;https://m.media-amazon.com/images/I/615Y+ZH718L.jpg;https://m.media-amazon.com/images/I/71kz3o0CUKL.jpg;https://m.media-amazon.com/images/I/61aiBTrS7gL.jpg;https://m.media-amazon.com/images/I/61siJl1YP+L.jpg;https://m.media-amazon.com/images/I/61BD4ASSHxL.jpg;https://m.media-amazon.com/images/I/61rfV-bXrkL.jpg;https://m.media-amazon.com/images/I/51r80hwO8gL.jpg,[ナイキ] エア マックス インビガー AIR MAX INVIGOR ブラック/ダークグレー/クールグレー/ボルト CD1515-004 26.5cm,,fashion_display_on_website,50,,,"8,900",28,472,11.46%,-,5,5,ファッション,スニーカー,Shoes,B0F31ZVZ2D,CD1515-004,SHOES,nike,NIKE(ナイキ),CD1515-004,ブラック/ダークグレー/クールグレー/ボルト,26.5 cm,スニーカー,,,no,no
https://m.media-amazon.com/images/I/61sf8mYzSxL.jpg;https://m.media-amazon.com/images/I/61LFzFtw+WL.jpg;https://m.media-amazon.com/images/I/615Y+ZH718L.jpg;https://m.media-amazon.com/images/I/71kz3o0CUKL.jpg;https://m.media-amazon.com/images/I/61aiBTrS7gL.jpg;https://m.media-amazon.com/images/I/61siJl1YP+L.jpg;https://m.media-amazon.com/images/I/61BD4ASSHxL.jpg;https://m.media-amazon.com/images/I/61rfV-bXrkL.jpg;https://m.media-amazon.com/images/I/51r80hwO8gL.jpg,[ナイキ] エア マックス インビガー AIR MAX INVIGOR ブラック/ダークグレー/クールグレー/ボルト CD1515-004 27.0cm,,fashion_display_on_website,50,,,"8,800",44,472,11.51%,-,13,13,ファッション,ランニング,Shoes,B0F321LH52,CD1515-004,SHOES,nike,NIKE(ナイキ),CD1515-004,ブラック/ダークグレー/クールグレー/ボルト,27.0 cm,スニーカー,,,no,no
https://m.media-amazon.com/images/I/61sf8mYzSxL.jpg;https://m.media-amazon.com/images/I/61LFzFtw+WL.jpg;https://m.media-amazon.com/images/I/615Y+ZH718L.jpg;https://m.media-amazon.com/images/I/71kz3o0CUKL.jpg;https://m.media-amazon.com/images/I/61aiBTrS7gL.jpg;https://m.media-amazon.com/images/I/61siJl1YP+L.jpg;https://m.media-amazon.com/images/I/61BD4ASSHxL.jpg;https://m.media-amazon.com/images/I/61rfV-bXrkL.jpg;https://m.media-amazon.com/images/I/51r80hwO8gL.jpg,[ナイキ] エア マックス インビガー AIR MAX INVIGOR ブラック/ダークグレー/クールグレー/ボルト CD1515-004 25.0cm,,fashion_display_on_website,,"8,800",2,"8,800",10,472,11.51%,"1,013",6,6,ファッション,スニーカー,Shoes,B0F3215F78,CD1515-004,SHOES,nike,NIKE(ナイキ),CD1515-004,ブラック/ダークグレー/クールグレー/ボルト,25.0 cm,スニーカー,,,no,no
https://m.media-amazon.com/images/I/61sf8mYzSxL.jpg;https://m.media-amazon.com/images/I/61LFzFtw+WL.jpg;https://m.media-amazon.com/images/I/615Y+ZH718L.jpg;https://m.media-amazon.com/images/I/71kz3o0CUKL.jpg;https://m.media-amazon.com/images/I/61aiBTrS7gL.jpg;https://m.media-amazon.com/images/I/61siJl1YP+L.jpg;https://m.media-amazon.com/images/I/61BD4ASSHxL.jpg;https://m.media-amazon.com/images/I/61rfV-bXrkL.jpg;https://m.media-amazon.com/images/I/51r80hwO8gL.jpg,[ナイキ] エア マックス インビガー AIR MAX INVIGOR ブラック/ダークグレー/クールグレー/ボルト CD1515-004 27.5cm,,fashion_display_on_website,,"8,800",2,"8,800",11,472,11.51%,"1,013",7,6,ファッション,スニーカー,Shoes,B0F31YZBTG,CD1515-004,SHOES,nike,NIKE(ナイキ),CD1515-004,ブラック/ダークグレー/クールグレー/ボルト,27.5 cm,スニーカー,,,no,no
https://m.media-amazon.com/images/I/51HF8p9EnQL.jpg;https://m.media-amazon.com/images/I/51F87aqWOnL.jpg;https://m.media-amazon.com/images/I/51BjS2eR1cL.jpg;https://m.media-amazon.com/images/I/61jELWNjDEL.jpg;https://m.media-amazon.com/images/I/51OXn2wEhOL.jpg;https://m.media-amazon.com/images/I/510ue8C2X4L.jpg;https://m.media-amazon.com/images/I/71+sAOAvLvL.jpg;https://m.media-amazon.com/images/I/713DCNPrtXL.jpg;https://m.media-amazon.com/images/I/61n-8mZcvIL.jpg,[ナイキ] チャージ スエード CHARGE SUEDE ブラック/ブラック/ホワイト IB2750-001 28.0cm,,fashion_display_on_website,,"4,768",9,"4,768",56,472,12.40%,591,20,18,ファッション,スニーカー,Shoes,B0DYY77HG4,IB2750-001,SHOES,,NIKE(ナイキ),IB2750-001,ブラック/ブラック/ホワイト,28.0 cm,スニーカー,,,no,no
https://m.media-amazon.com/images/I/51HF8p9EnQL.jpg;https://m.media-amazon.com/images/I/51F87aqWOnL.jpg;https://m.media-amazon.com/images/I/51BjS2eR1cL.jpg;https://m.media-amazon.com/images/I/61jELWNjDEL.jpg;https://m.media-amazon.com/images/I/51OXn2wEhOL.jpg;https://m.media-amazon.com/images/I/510ue8C2X4L.jpg;https://m.media-amazon.com/images/I/71+sAOAvLvL.jpg;https://m.media-amazon.com/images/I/713DCNPrtXL.jpg;https://m.media-amazon.com/images/I/61n-8mZcvIL.jpg,[ナイキ] チャージ スエード CHARGE SUEDE ブラック/ブラック/ホワイト IB2750-001 27.5cm,,fashion_display_on_website,,"4,900",2,"4,900",73,472,12.41%,608,21,19,ファッション,スニーカー,Shoes,B0DYY9MY6T,IB2750-001,SHOES,,NIKE(ナイキ),IB2750-001,ブラック/ブラック/ホワイト,27.5 cm,スニーカー,,,no,no
https://m.media-amazon.com/images/I/61pDuL4p0YL.jpg;https://m.media-amazon.com/images/I/61EePZUlxUL.jpg;https://m.media-amazon.com/images/I/61ugl-tI-OL.jpg;https://m.media-amazon.com/images/I/6197qSLYYLL.jpg;https://m.media-amazon.com/images/I/61pDuL4p0YL.jpg;https://m.media-amazon.com/images/I/61IBhUUnACL.jpg;https://m.media-amazon.com/images/I/71xe93JiZ6L.jpg;https://m.media-amazon.com/images/I/71MvJxX9ZGL.jpg;https://m.media-amazon.com/images/I/512WnmAJodL.jpg,[ナイキ] コート ビジョン ミッド COURT VISION MID ブラック/ユニバーシティレッド DM8682-001 28.0cm ナイキジャパン正規品,,fashion_display_on_website,,,,"7,800",24,472,12.31%,-,5,3,ファッション,ランニング,Shoes,B09H2G9NXG,DM8682-001,SHOES,,NIKE(ナイキ),DM8682-001,ブラック/ユニバーシティレッド,28.0 cm,スニーカー,,,no,no
https://m.media-amazon.com/images/I/61pDuL4p0YL.jpg;https://m.media-amazon.com/images/I/61EePZUlxUL.jpg;https://m.media-amazon.com/images/I/61ugl-tI-OL.jpg;https://m.media-amazon.com/images/I/6197qSLYYLL.jpg;https://m.media-amazon.com/images/I/61pDuL4p0YL.jpg;https://m.media-amazon.com/images/I/61IBhUUnACL.jpg;https://m.media-amazon.com/images/I/71xe93JiZ6L.jpg;https://m.media-amazon.com/images/I/71MvJxX9ZGL.jpg;https://m.media-amazon.com/images/I/512WnmAJodL.jpg,[ナイキ] コート ビジョン ミッド COURT VISION MID ブラック/ユニバーシティレッド DM8682-001 27.0cm ナイキジャパン正規品,,fashion_display_on_website,,,,"8,910",1,472,11.45%,-,3,1,ファッション,ランニング,Shoes,B09H226NL7,DM8682-001,SHOES,,NIKE(ナイキ),DM8682-001,ブラック/ユニバーシティレッド,27.0 cm,スニーカー,,,no,no
https://m.media-amazon.com/images/I/61ViCbsG3FL.jpg;https://m.media-amazon.com/images/I/71qTyCQitSL.jpg;https://m.media-amazon.com/images/I/612ZT5fwNNL.jpg;https://m.media-amazon.com/images/I/61EmsD8xXJL.jpg;https://m.media-amazon.com/images/I/61cb7TKm6OL.jpg;https://m.media-amazon.com/images/I/61CKn4M5RRL.jpg;https://m.media-amazon.com/images/I/71OuRBfkbGL.jpg;https://m.media-amazon.com/images/I/71NUOdtBjyL.jpg;https://m.media-amazon.com/images/I/51vr12lqzQL.jpg,[ナイキ] コート ビジョン ミッド ネクスト ネイチャー COURT VISION MID NN ブラック/ブラック/ホワイト DN3577-001 日本国内正規品 27.5cm,,fashion_display_on_website,,,,"8,400",5,472,11.76%,-,6,2,ファッション,ランニング,Shoes,B0BVW51WQP,NIKE DN3577-001,SHOES,,NIKE(ナイキ),DN3577-001,ブラック/ブラック/ホワイト,27.5 cm,スニーカー,,,no,no
https://m.media-amazon.com/images/I/61ViCbsG3FL.jpg;https://m.media-amazon.com/images/I/71qTyCQitSL.jpg;https://m.media-amazon.com/images/I/612ZT5fwNNL.jpg;https://m.media-amazon.com/images/I/61EmsD8xXJL.jpg;https://m.media-amazon.com/images/I/61cb7TKm6OL.jpg;https://m.media-amazon.com/images/I/61CKn4M5RRL.jpg;https://m.media-amazon.com/images/I/71OuRBfkbGL.jpg;https://m.media-amazon.com/images/I/71NUOdtBjyL.jpg;https://m.media-amazon.com/images/I/51vr12lqzQL.jpg,NIKE [ナイキ] コート ビジョン ミッド ネクスト ネイチャー COURT VISION MID NN ブラック/ブラック/ホワイト DN3577-001 日本国内正規品 28.5cm,,fashion_display_on_website,,,,,6,472,12.40%,-,6,4,ファッション,ランニング,Shoes,B0BVW8C4DZ,NIKE DN3577-001,SHOES,,NIKE(ナイキ),DN3577-001,ブラック/ブラック/ホワイト,28.5 cm,スニーカー,,,no,no
https://m.media-amazon.com/images/I/61pDuL4p0YL.jpg;https://m.media-amazon.com/images/I/61EePZUlxUL.jpg;https://m.media-amazon.com/images/I/61ugl-tI-OL.jpg;https://m.media-amazon.com/images/I/6197qSLYYLL.jpg;https://m.media-amazon.com/images/I/61pDuL4p0YL.jpg;https://m.media-amazon.com/images/I/61IBhUUnACL.jpg;https://m.media-amazon.com/images/I/71xe93JiZ6L.jpg;https://m.media-amazon.com/images/I/71MvJxX9ZGL.jpg;https://m.media-amazon.com/images/I/512WnmAJodL.jpg,[ナイキ] コート ビジョン ミッド COURT VISION MID ブラック/ユニバーシティレッド DM8682-001 26.5cm ナイキジャパン正規品,,fashion_display_on_website,,"7,399",1,"7,399",53,472,12.41%,918,19,16,ファッション,ランニング,Shoes,B09H287Z42,DM8682-001,SHOES,,NIKE(ナイキ),DM8682-001,ブラック/ユニバーシティレッド,26.5 cm,スニーカー,,,no,no
https://m.media-amazon.com/images/I/61pDuL4p0YL.jpg;https://m.media-amazon.com/images/I/61EePZUlxUL.jpg;https://m.media-amazon.com/images/I/61ugl-tI-OL.jpg;https://m.media-amazon.com/images/I/6197qSLYYLL.jpg;https://m.media-amazon.com/images/I/61pDuL4p0YL.jpg;https://m.media-amazon.com/images/I/61IBhUUnACL.jpg;https://m.media-amazon.com/images/I/71xe93JiZ6L.jpg;https://m.media-amazon.com/images/I/71MvJxX9ZGL.jpg;https://m.media-amazon.com/images/I/512WnmAJodL.jpg,[ナイキ] コート ビジョン ミッド COURT VISION MID ブラック/ユニバーシティレッド DM8682-001 27.5cm ナイキジャパン正規品,,fashion_display_on_website,,"8,100",5,"8,100",8,472,11.95%,968,5,3,ファッション,ランニング,Shoes,B09H2F5V3B,DM8682-001,SHOES,,NIKE(ナイキ),DM8682-001,ブラック/ユニバーシティレッド,27.5 cm,スニーカー,,,no,no
https://m.media-amazon.com/images/I/61pDuL4p0YL.jpg;https://m.media-amazon.com/images/I/61EePZUlxUL.jpg;https://m.media-amazon.com/images/I/61ugl-tI-OL.jpg;https://m.media-amazon.com/images/I/6197qSLYYLL.jpg;https://m.media-amazon.com/images/I/61pDuL4p0YL.jpg;https://m.media-amazon.com/images/I/61IBhUUnACL.jpg;https://m.media-amazon.com/images/I/71xe93JiZ6L.jpg;https://m.media-amazon.com/images/I/71MvJxX9ZGL.jpg;https://m.media-amazon.com/images/I/512WnmAJodL.jpg,[ナイキ] コート ビジョン ミッド COURT VISION MID ブラック/ユニバーシティレッド DM8682-001 25.5cm ナイキジャパン正規品,,fashion_display_on_website,,"6,380",2,"6,316",35,472,12.40%,791,17,15,ファッション,ランニング,Shoes,B09H26765W,DM8682-001,SHOES,,NIKE(ナイキ),DM8682-001,ブラック/ユニバーシティレッド,25.5 cm,スニーカー,,,no,no
https://m.media-amazon.com/images/I/61ViCbsG3FL.jpg;https://m.media-amazon.com/images/I/71qTyCQitSL.jpg;https://m.media-amazon.com/images/I/612ZT5fwNNL.jpg;https://m.media-amazon.com/images/I/61EmsD8xXJL.jpg;https://m.media-amazon.com/images/I/61cb7TKm6OL.jpg;https://m.media-amazon.com/images/I/61CKn4M5RRL.jpg;https://m.media-amazon.com/images/I/71OuRBfkbGL.jpg;https://m.media-amazon.com/images/I/71NUOdtBjyL.jpg;https://m.media-amazon.com/images/I/51vr12lqzQL.jpg,[ナイキ] コート ビジョン ミッド ネクスト ネイチャー COURT VISION MID NN ブラック/ブラック/ホワイト DN3577-001 日本国内正規品 27.0cm,,fashion_display_on_website,,,,"7,975",9,472,12.04%,-,4,4,ファッション,スニーカー,Shoes,B0BVW4FR3C,NIKE DN3577-001,SHOES,,NIKE(ナイキ),DN3577-001,ブラック/ブラック/ホワイト,27.0 cm,スニーカー,,,no,no
https://m.media-amazon.com/images/I/61pDuL4p0YL.jpg;https://m.media-amazon.com/images/I/61EePZUlxUL.jpg;https://m.media-amazon.com/images/I/61ugl-tI-OL.jpg;https://m.media-amazon.com/images/I/6197qSLYYLL.jpg;https://m.media-amazon.com/images/I/61pDuL4p0YL.jpg;https://m.media-amazon.com/images/I/61IBhUUnACL.jpg;https://m.media-amazon.com/images/I/71xe93JiZ6L.jpg;https://m.media-amazon.com/images/I/71MvJxX9ZGL.jpg;https://m.media-amazon.com/images/I/512WnmAJodL.jpg,[ナイキ] コート ビジョン ミッド COURT VISION MID ブラック/ユニバーシティレッド DM8682-001 26.0cm ナイキジャパン正規品,,fashion_display_on_website,,"6,380",3,"6,380",70,472,12.40%,791,24,23,ファッション,ランニング,Shoes,B09H2621YN,DM8682-001,SHOES,,NIKE(ナイキ),DM8682-001,ブラック/ユニバーシティレッド,26.0 cm,スニーカー,,,no,no
https://m.media-amazon.com/images/I/517qF+cEusL.jpg;https://m.media-amazon.com/images/I/51sN45XnSGL.jpg;https://m.media-amazon.com/images/I/51p6Ht7vUGL.jpg;https://m.media-amazon.com/images/I/61eKNr5x4WL.jpg;https://m.media-amazon.com/images/I/51GhlF25Y+L.jpg;https://m.media-amazon.com/images/I/61yt9xTxe1L.jpg;https://m.media-amazon.com/images/I/615gqLVFoYL.jpg,[ナイキ] フライト レガシー Flight Legacy ホワイト/ホワイト/ホワイト BQ4212-101 28.0cm,,fashion_display_on_website,,"8,420",40,"8,420",56,472,11.69%,984,5,4,ファッション,スニーカー,Shoes,B0DPFRXKTX,BQ4212-101,SHOES,nike,NIKE(ナイキ),BQ4212-101,ホワイト/ホワイト/ホワイト,28.0 cm,スニーカー,,,no,no
https://m.media-amazon.com/images/I/517qF+cEusL.jpg;https://m.media-amazon.com/images/I/51sN45XnSGL.jpg;https://m.media-amazon.com/images/I/51p6Ht7vUGL.jpg;https://m.media-amazon.com/images/I/61eKNr5x4WL.jpg;https://m.media-amazon.com/images/I/51GhlF25Y+L.jpg;https://m.media-amazon.com/images/I/61yt9xTxe1L.jpg;https://m.media-amazon.com/images/I/615gqLVFoYL.jpg,[ナイキ] フライト レガシー Flight Legacy ホワイト/ホワイト/ホワイト BQ4212-101 27.5cm,,fashion_display_on_website,50,"8,200",4,"8,200",19,472,12.32%,"1,010",7,6,ファッション,スニーカー,Shoes,B0DPFSLTMD,BQ4212-101,SHOES,nike,NIKE(ナイキ),BQ4212-101,ホワイト/ホワイト/ホワイト,27.5 cm,スニーカー,,,no,no
https://m.media-amazon.com/images/I/517qF+cEusL.jpg;https://m.media-amazon.com/images/I/51sN45XnSGL.jpg;https://m.media-amazon.com/images/I/51p6Ht7vUGL.jpg;https://m.media-amazon.com/images/I/61eKNr5x4WL.jpg;https://m.media-amazon.com/images/I/51GhlF25Y+L.jpg;https://m.media-amazon.com/images/I/61yt9xTxe1L.jpg;https://m.media-amazon.com/images/I/615gqLVFoYL.jpg,[ナイキ] フライト レガシー Flight Legacy ホワイト/ホワイト/ホワイト BQ4212-101 26.5cm,,fashion_display_on_website,,"8,480",3,"8,400",11,472,11.71%,993,7,6,ファッション,スニーカー,Shoes,B0DPFT9PHR,BQ4212-101,SHOES,nike,NIKE(ナイキ),BQ4212-101,ホワイト/ホワイト/ホワイト,26.5 cm,スニーカー,,,no,no
https://m.media-amazon.com/images/I/517qF+cEusL.jpg;https://m.media-amazon.com/images/I/51sN45XnSGL.jpg;https://m.media-amazon.com/images/I/51p6Ht7vUGL.jpg;https://m.media-amazon.com/images/I/61eKNr5x4WL.jpg;https://m.media-amazon.com/images/I/51GhlF25Y+L.jpg;https://m.media-amazon.com/images/I/61yt9xTxe1L.jpg;https://m.media-amazon.com/images/I/615gqLVFoYL.jpg,[ナイキ] フライト レガシー Flight Legacy ホワイト/ホワイト/ホワイト BQ4212-101 26.0cm,,fashion_display_on_website,,"8,060",3,,11,472,11.99%,966,5,4,ファッション,スニーカー,Shoes,B0DPFQP6G4,BQ4212-101,SHOES,nike,NIKE(ナイキ),BQ4212-101,ホワイト/ホワイト/ホワイト,26.0 cm,スニーカー,,,no,no
https://m.media-amazon.com/images/I/5100D1U9EtL.jpg;https://m.media-amazon.com/images/I/51trtWSDaiL.jpg;https://m.media-amazon.com/images/I/51ln7w7xc+L.jpg;https://m.media-amazon.com/images/I/61IQjQTKcaL.jpg;https://m.media-amazon.com/images/I/51Q1t7RXgvL.jpg;https://m.media-amazon.com/images/I/519coW01h-L.jpg;https://m.media-amazon.com/images/I/618ahJJzEiL.jpg;https://m.media-amazon.com/images/I/613D6x8j49L.jpg;https://m.media-amazon.com/images/I/51i3q-kh1eL.jpg,[ナイキ] ズーム ライバル フライ 4 ZOOM RIVAL FLY 4 シーグラス/ウルトラライム/フットボールグレー/セコイア FV6040-003 26.0cm,,fashion_display_on_website,,"8,200",3,"8,200",10,472,11.89%,975,6,4,ファッション,スニーカー,Shoes,B0GD89SBTP,FV6040-003,SHOES,nike,NIKE(ナイキ),FV6040-003,シーグラス/ウルトラライム/フットボールグレー/セコイア,26.0 cm,スニーカー,,,no,no
https://m.media-amazon.com/images/I/5100D1U9EtL.jpg;https://m.media-amazon.com/images/I/51trtWSDaiL.jpg;https://m.media-amazon.com/images/I/51ln7w7xc+L.jpg;https://m.media-amazon.com/images/I/61IQjQTKcaL.jpg;https://m.media-amazon.com/images/I/51Q1t7RXgvL.jpg;https://m.media-amazon.com/images/I/519coW01h-L.jpg;https://m.media-amazon.com/images/I/618ahJJzEiL.jpg;https://m.media-amazon.com/images/I/613D6x8j49L.jpg;https://m.media-amazon.com/images/I/51i3q-kh1eL.jpg,[ナイキ] ズーム ライバル フライ 4 ZOOM RIVAL FLY 4 シーグラス/ウルトラライム/フットボールグレー/セコイア FV6040-003 27.5cm,,fashion_display_on_website,,"8,800",10,"8,800",30,472,11.51%,"1,013",9,5,ファッション,スニーカー,Shoes,B0GD8BKSSB,FV6040-003,SHOES,nike,NIKE(ナイキ),FV6040-003,シーグラス/ウルトラライム/フットボールグレー/セコイア,27.5 cm,スニーカー,,,no,no
https://m.media-amazon.com/images/I/5100D1U9EtL.jpg;https://m.media-amazon.com/images/I/51trtWSDaiL.jpg;https://m.media-amazon.com/images/I/51ln7w7xc+L.jpg;https://m.media-amazon.com/images/I/61IQjQTKcaL.jpg;https://m.media-amazon.com/images/I/51Q1t7RXgvL.jpg;https://m.media-amazon.com/images/I/519coW01h-L.jpg;https://m.media-amazon.com/images/I/618ahJJzEiL.jpg;https://m.media-amazon.com/images/I/613D6x8j49L.jpg;https://m.media-amazon.com/images/I/51i3q-kh1eL.jpg,[ナイキ] ズーム ライバル フライ 4 ZOOM RIVAL FLY 4 シーグラス/ウルトラライム/フットボールグレー/セコイア FV6040-003 26.5cm,,fashion_display_on_website,,"9,110",2,"9,110",25,472,11.34%,"1,033",12,9,ファッション,スニーカー,Shoes,B0GD82513J,FV6040-003,SHOES,nike,NIKE(ナイキ),FV6040-003,シーグラス/ウルトラライム/フットボールグレー/セコイア,26.5 cm,スニーカー,,,no,no
https://m.media-amazon.com/images/I/5100D1U9EtL.jpg;https://m.media-amazon.com/images/I/51trtWSDaiL.jpg;https://m.media-amazon.com/images/I/51ln7w7xc+L.jpg;https://m.media-amazon.com/images/I/61IQjQTKcaL.jpg;https://m.media-amazon.com/images/I/51Q1t7RXgvL.jpg;https://m.media-amazon.com/images/I/519coW01h-L.jpg;https://m.media-amazon.com/images/I/618ahJJzEiL.jpg;https://m.media-amazon.com/images/I/613D6x8j49L.jpg;https://m.media-amazon.com/images/I/51i3q-kh1eL.jpg,[ナイキ] ズーム ライバル フライ 4 ZOOM RIVAL FLY 4 シーグラス/ウルトラライム/フットボールグレー/セコイア FV6040-003 27.0cm,,fashion_display_on_website,,"8,000",3,"8,000",40,472,11.89%,951,12,8,ファッション,ランニング,Shoes,B0GD7Z7FKW,FV6040-003,SHOES,nike,NIKE(ナイキ),FV6040-003,シーグラス/ウルトラライム/フットボールグレー/セコイア,27.0 cm,スニーカー,,,no,no
https://m.media-amazon.com/images/I/61xYMJ7ciAL.jpg;https://m.media-amazon.com/images/I/612wmN7UIxL.jpg;https://m.media-amazon.com/images/I/61eWQaUQPpL.jpg;https://m.media-amazon.com/images/I/710Zb32YUjL.jpg;https://m.media-amazon.com/images/I/61szqCYzL6L.jpg;https://m.media-amazon.com/images/I/61FnOa8Ya+L.jpg;https://m.media-amazon.com/images/I/612HX1V4tLL.jpg;https://m.media-amazon.com/images/I/71AzF2pzfkL.jpg;https://m.media-amazon.com/images/I/61noEuKFIXL.jpg,[ナイキ] エア マックス アルファ トレーナー 5 AIR MAX ALPHA TRAINER 5 ブラック/ホワイト DM0829-001 日本国内正規品 26.5cm,,fashion_display_on_website,,"8,163",3,"8,163",32,472,11.86%,968,17,15,ファッション,ランニング,Shoes,B0BV28QWVZ,NIKE DM0829-001,SHOES,,NIKE(ナイキ),DM0829-001,ブラック/ホワイト,26.5 cm,スニーカー,,,no,no
https://m.media-amazon.com/images/I/61gc7DuOUKL.jpg;https://m.media-amazon.com/images/I/416bB1CUgIL.jpg;https://m.media-amazon.com/images/I/41IkgJcKS-L.jpg;https://m.media-amazon.com/images/I/51m5ChDnzCL.jpg;https://m.media-amazon.com/images/I/51FyxhlURsL.jpg;https://m.media-amazon.com/images/I/517aAVGY3CL.jpg;https://m.media-amazon.com/images/I/61JNgzxjsTL.jpg,[ナイキ] コート ボロー ミッド ウィンター COURT BOROUGH MID WINTER ブラック/ブラック AA0547-002 29.0cm,,fashion_display_on_website,,"6,068",3,,16,472,11.49%,697,10,8,ファッション,バスケットボール,Shoes,B0DJJVLWKL,AA0547-002,SHOES,nike,NIKE(ナイキ),AA0547-002,ブラック/ブラック,29.0 cm,スニーカー,,,no,no
https://m.media-amazon.com/images/I/61gc7DuOUKL.jpg;https://m.media-amazon.com/images/I/416bB1CUgIL.jpg;https://m.media-amazon.com/images/I/41IkgJcKS-L.jpg;https://m.media-amazon.com/images/I/51m5ChDnzCL.jpg;https://m.media-amazon.com/images/I/51FyxhlURsL.jpg;https://m.media-amazon.com/images/I/517aAVGY3CL.jpg;https://m.media-amazon.com/images/I/61JNgzxjsTL.jpg,[ナイキ] コート ボロー ミッド ウィンター COURT BOROUGH MID WINTER ブラック/ブラック AA0547-002 27.5cm,,fashion_display_on_website,,"7,140",5,,16,472,12.40%,885,10,7,ファッション,スニーカー,Shoes,B0DJJRWB7D,AA0547-002,SHOES,nike,NIKE(ナイキ),AA0547-002,ブラック/ブラック,27.5 cm,スニーカー,,,no,no
https://m.media-amazon.com/images/I/61gc7DuOUKL.jpg;https://m.media-amazon.com/images/I/416bB1CUgIL.jpg;https://m.media-amazon.com/images/I/41IkgJcKS-L.jpg;https://m.media-amazon.com/images/I/51m5ChDnzCL.jpg;https://m.media-amazon.com/images/I/51FyxhlURsL.jpg;https://m.media-amazon.com/images/I/517aAVGY3CL.jpg;https://m.media-amazon.com/images/I/61JNgzxjsTL.jpg,[ナイキ] コート ボロー ミッド ウィンター COURT BOROUGH MID WINTER ブラック/ブラック AA0547-002 26.0cm,,fashion_display_on_website,,"6,940",3,"6,940",22,472,12.41%,861,14,11,ファッション,スニーカー,Shoes,B0DJJSZTZK,AA0547-002,SHOES,,NIKE(ナイキ),AA0547-002,ブラック/ブラック,26.0 cm,スニーカー,,,no,no
https://m.media-amazon.com/images/I/61gc7DuOUKL.jpg;https://m.media-amazon.com/images/I/416bB1CUgIL.jpg;https://m.media-amazon.com/images/I/41IkgJcKS-L.jpg;https://m.media-amazon.com/images/I/51m5ChDnzCL.jpg;https://m.media-amazon.com/images/I/51FyxhlURsL.jpg;https://m.media-amazon.com/images/I/517aAVGY3CL.jpg;https://m.media-amazon.com/images/I/61JNgzxjsTL.jpg,[ナイキ] コート ボロー ミッド ウィンター COURT BOROUGH MID WINTER ブラック/ブラック AA0547-002 25.5cm,,fashion_display_on_website,,"7,870",1,"7,870",22,472,12.04%,948,13,11,ファッション,運動靴・スニーカー,Shoes,B0DJJTXQWG,AA0547-002,SHOES,nike,NIKE(ナイキ),AA0547-002,ブラック/ブラック,25.5 cm,スニーカー,,,no,no
https://m.media-amazon.com/images/I/61gc7DuOUKL.jpg;https://m.media-amazon.com/images/I/416bB1CUgIL.jpg;https://m.media-amazon.com/images/I/41IkgJcKS-L.jpg;https://m.media-amazon.com/images/I/51m5ChDnzCL.jpg;https://m.media-amazon.com/images/I/51FyxhlURsL.jpg;https://m.media-amazon.com/images/I/517aAVGY3CL.jpg;https://m.media-amazon.com/images/I/61JNgzxjsTL.jpg,[ナイキ] コート ボロー ミッド ウィンター COURT BOROUGH MID WINTER ブラック/ブラック AA0547-002 26.5cm,,fashion_display_on_website,,"7,500",6,,14,472,12.41%,931,7,5,ファッション,スニーカー,Shoes,B0DJJSLWJB,AA0547-002,SHOES,nike,NIKE(ナイキ),AA0547-002,ブラック/ブラック,26.5 cm,スニーカー,,,no,no
https://m.media-amazon.com/images/I/61gc7DuOUKL.jpg;https://m.media-amazon.com/images/I/416bB1CUgIL.jpg;https://m.media-amazon.com/images/I/41IkgJcKS-L.jpg;https://m.media-amazon.com/images/I/51m5ChDnzCL.jpg;https://m.media-amazon.com/images/I/51FyxhlURsL.jpg;https://m.media-amazon.com/images/I/517aAVGY3CL.jpg;https://m.media-amazon.com/images/I/61JNgzxjsTL.jpg,[ナイキ] コート ボロー ミッド ウィンター COURT BOROUGH MID WINTER ブラック/ブラック AA0547-002 28.0cm,,fashion_display_on_website,,"6,465",1,"6,400",21,472,12.40%,802,15,12,ファッション,スニーカー,Shoes,B0DJJVYDBV,AA0547-002,SHOES,,NIKE(ナイキ),AA0547-002,ブラック/ブラック,28.0 cm,スニーカー,,,no,no
https://m.media-amazon.com/images/I/61gc7DuOUKL.jpg;https://m.media-amazon.com/images/I/416bB1CUgIL.jpg;https://m.media-amazon.com/images/I/41IkgJcKS-L.jpg;https://m.media-amazon.com/images/I/51m5ChDnzCL.jpg;https://m.media-amazon.com/images/I/51FyxhlURsL.jpg;https://m.media-amazon.com/images/I/517aAVGY3CL.jpg;https://m.media-amazon.com/images/I/61JNgzxjsTL.jpg,[ナイキ] コート ボロー ミッド ウィンター COURT BOROUGH MID WINTER ブラック/ブラック AA0547-002 27.0cm,,fashion_display_on_website,,"7,000",2,,20,472,12.40%,868,12,9,ファッション,バスケットボール,Shoes,B0DJJV9CK4,AA0547-002,SHOES,,NIKE(ナイキ),AA0547-002,ブラック/ブラック,27.0 cm,スニーカー,,,no,no
https://m.media-amazon.com/images/I/41mNRlgNj5L.jpg;https://m.media-amazon.com/images/I/41uWNvvT2NL.jpg;https://m.media-amazon.com/images/I/31fYAlVE0ZL.jpg;https://m.media-amazon.com/images/I/51h69hndeBL.jpg;https://m.media-amazon.com/images/I/61hgMYngJuL.jpg;https://m.media-amazon.com/images/I/413bflOL-YL.jpg,"[ナイキ] ジョーダン フランチャイズ シャワー スライド サンダル ジャンプマン 耐久性 クッション性 Jordan HQ2163-001 ブラック スポーツ フィットネス 筋トレ 散歩 軽量 正規品 メンズ 28.0cm(US10,UK9.5,EU44)",,fashion_display_on_website,,"4,704",3,"4,704",64,472,12.39%,583,15,12,ファッション,スポーツサンダル,Shoes,B0FLDFCQ6W,HQ2163-001,SANDAL,NIKE,NIKE(ナイキ),HQ2163-001,001：ブラック/ホワイト,28.0 cm,スライド,1,,no,no
https://m.media-amazon.com/images/I/51-77J347sL.jpg;https://m.media-amazon.com/images/I/51CDId1Xa6L.jpg;https://m.media-amazon.com/images/I/51eMXbCZUxL.jpg;https://m.media-amazon.com/images/I/512rCzNmbRL.jpg;https://m.media-amazon.com/images/I/61gWHW4buYL.jpg;https://m.media-amazon.com/images/I/51wx-TsWQ3L.jpg;https://m.media-amazon.com/images/I/71ASYyPRcEL.jpg;https://m.media-amazon.com/images/I/61Hz6ZCasFL.jpg;https://m.media-amazon.com/images/I/51XYRpvWf9L.jpg,[ナイキ] ゴー フライイーズ W Go FlyEase ブラック/ホワイト DR5540-002 ナイキジャパン正規品 23.5cm,,fashion_display_on_website,50,"6,600",2,"6,600",46,472,12.40%,818,19,16,ファッション,ランニング,Shoes,B0B8V4VFGH,DR5540-002,SHOES,,NIKE(ナイキ),DR5540-002,ブラック/ホワイト,23.5 cm,スニーカー,,,no,no
https://m.media-amazon.com/images/I/61mUuIjU4GL.jpg;https://m.media-amazon.com/images/I/61mUuIjU4GL.jpg;https://m.media-amazon.com/images/I/61BwPlNm2BL.jpg;https://m.media-amazon.com/images/I/51YrroPelyL.jpg;https://m.media-amazon.com/images/I/61aRXWAIdJL.jpg;https://m.media-amazon.com/images/I/61XClIxppML.jpg;https://m.media-amazon.com/images/I/615ZD543+VL.jpg;https://m.media-amazon.com/images/I/61BHwWb+LyL.jpg;https://m.media-amazon.com/images/I/61Hh4-NXx8L.jpg,"[ナイキ] ゴー フライイース レディース カジュアル シューズ Go Flyease White Women Slip On DR5540-102, 23.5 cm [並行輸入品]",,fashion_display_on_website,,"6,900",2,"6,900",27,532,12.41%,856,13,13,ファッション,スニーカー,Shoes,B0BHVS1CQP,DR5540102,SHOES,NIKE,NIKE(ナイキ),DR5540102,ホワイト/ブラック,23.5 cm,,,,no,no
https://m.media-amazon.com/images/I/61mUuIjU4GL.jpg;https://m.media-amazon.com/images/I/61mUuIjU4GL.jpg;https://m.media-amazon.com/images/I/61BwPlNm2BL.jpg;https://m.media-amazon.com/images/I/51YrroPelyL.jpg;https://m.media-amazon.com/images/I/61aRXWAIdJL.jpg;https://m.media-amazon.com/images/I/61XClIxppML.jpg;https://m.media-amazon.com/images/I/615ZD543+VL.jpg;https://m.media-amazon.com/images/I/61BHwWb+LyL.jpg;https://m.media-amazon.com/images/I/61Hh4-NXx8L.jpg,"[ナイキ] ゴー フライイース レディース カジュアル シューズ Go Flyease White Women Slip On DR5540-102, 25.0 cm [並行輸入品]",,fashion_display_on_website,,,,"9,700",3,472,11.04%,-,2,2,ファッション,スニーカー,Shoes,B0BHVQ3BVX,DR5540102,SHOES,NIKE,NIKE(ナイキ),DR5540102,ホワイト/ブラック,25.0 cm,,,,no,no
https://m.media-amazon.com/images/I/61mUuIjU4GL.jpg;https://m.media-amazon.com/images/I/61mUuIjU4GL.jpg;https://m.media-amazon.com/images/I/61BwPlNm2BL.jpg;https://m.media-amazon.com/images/I/51YrroPelyL.jpg;https://m.media-amazon.com/images/I/61aRXWAIdJL.jpg;https://m.media-amazon.com/images/I/61XClIxppML.jpg;https://m.media-amazon.com/images/I/615ZD543+VL.jpg;https://m.media-amazon.com/images/I/61BHwWb+LyL.jpg;https://m.media-amazon.com/images/I/61Hh4-NXx8L.jpg,"[ナイキ] ゴー フライイース レディース カジュアル シューズ Go Flyease White Women Slip On DR5540-102, 24.0 cm [並行輸入品]",,fashion_display_on_website,,,,"8,712",3,472,11.57%,-,2,2,ファッション,スニーカー,Shoes,B0BHVQSM3P,DR5540102,SHOES,NIKE,NIKE(ナイキ),DR5540102,ホワイト/ブラック,24.0 cm,,,,no,no
https://m.media-amazon.com/images/I/61bwF380qFL.jpg;https://m.media-amazon.com/images/I/510DCqibpwL.jpg;https://m.media-amazon.com/images/I/51Bhj8dAatL.jpg;https://m.media-amazon.com/images/I/71mMcolnkiL.jpg;https://m.media-amazon.com/images/I/61T9-qIVv2L.jpg;https://m.media-amazon.com/images/I/61Y5VkEoawL.jpg;https://m.media-amazon.com/images/I/71ukdNmObwL.jpg;https://m.media-amazon.com/images/I/61+1gvxVCeL.jpg;https://m.media-amazon.com/images/I/51HKvrbBogL.jpg,[ナイキ] エア マックス コリレート W AIR MAX CORRELATE ホワイト/ニューグリーン/ブライトマンゴー/ブラック 511417-136 日本国内正規品 25.0cm,,fashion_display_on_website,,"9,780",33,"9,780",36,472,11.10%,"1,086",4,3,ファッション,ランニング,Shoes,B0CDC1RDHT,NIKE 511417-136,SHOES,,NIKE(ナイキ),511417-136,ホワイト/ニューグリーン/ブライトマンゴー/ブラック,25.0 cm,スニーカー,,,no,no
https://m.media-amazon.com/images/I/51HIXY94wgL.jpg;https://m.media-amazon.com/images/I/51scbe8NQyL.jpg;https://m.media-amazon.com/images/I/518Lczc1yoL.jpg;https://m.media-amazon.com/images/I/61R6Yv-K3eL.jpg;https://m.media-amazon.com/images/I/51SH8vqKhhL.jpg;https://m.media-amazon.com/images/I/61Yztx2Y-ML.jpg;https://m.media-amazon.com/images/I/61RgY-jVtDL.jpg;https://m.media-amazon.com/images/I/7140VUJVcNL.jpg;https://m.media-amazon.com/images/I/51j21P2lD7L.jpg,[ナイキ] ガンマ フォース W GAMMA FORCE ホワイト/ライトボーン/サンドドリフト/ファントム DX9176-103 日本国内正規品 24.5cm,,fashion_display_on_website,,,,"8,070",3,472,11.85%,-,4,3,ファッション,スニーカー,Shoes,B0C415S16R,NIKE DX9176-103,SHOES,,NIKE(ナイキ),DX9176-103,ホワイト/ライトボーン/サンドドリフト/ファントム,24.5 cm,スニーカー,,,no,no
https://m.media-amazon.com/images/I/51bvibaqgyL.jpg;https://m.media-amazon.com/images/I/51cY+Hz6CGL.jpg;https://m.media-amazon.com/images/I/51DWVzbvWVL.jpg;https://m.media-amazon.com/images/I/61pMQUViBoL.jpg;https://m.media-amazon.com/images/I/51KHOzVUdwL.jpg;https://m.media-amazon.com/images/I/51YCRzfjiBL.jpg;https://m.media-amazon.com/images/I/71ppnZ5-AcL.jpg;https://m.media-amazon.com/images/I/713WREYZ0aL.jpg;https://m.media-amazon.com/images/I/51dgT+TNQRL.jpg,[ナイキ] SB ヘリテージ バルク SB HERITAGE VULC ヴァストグレー/アイアングレー/ヴァストグレー/ホワイト CD5010-001 27.5cm,,fashion_display_on_website,,"5,980",,,9,472,12.39%,741,7,6,ファッション,スニーカー,Shoes,B0DGT123QX,CD5010-001,SHOES,,NIKE(ナイキ),CD5010-001,ヴァストグレー/アイアングレー/ヴァストグレー/ホワイト,27.5 cm,スニーカー,,,no,no
https://m.media-amazon.com/images/I/51bvibaqgyL.jpg;https://m.media-amazon.com/images/I/51cY+Hz6CGL.jpg;https://m.media-amazon.com/images/I/51DWVzbvWVL.jpg;https://m.media-amazon.com/images/I/61pMQUViBoL.jpg;https://m.media-amazon.com/images/I/51KHOzVUdwL.jpg;https://m.media-amazon.com/images/I/51YCRzfjiBL.jpg;https://m.media-amazon.com/images/I/71ppnZ5-AcL.jpg;https://m.media-amazon.com/images/I/713WREYZ0aL.jpg;https://m.media-amazon.com/images/I/51dgT+TNQRL.jpg,[ナイキ] SB ヘリテージ バルク SB HERITAGE VULC ヴァストグレー/アイアングレー/ヴァストグレー/ホワイト CD5010-001 27.0cm,,fashion_display_on_website,,"6,980",,,15,472,12.40%,866,10,9,ファッション,スケートボード,Shoes,B0DGT13FVB,CD5010-001,SHOES,,NIKE(ナイキ),CD5010-001,ヴァストグレー/アイアングレー/ヴァストグレー/ホワイト,27.0 cm,スニーカー,,,no,no
https://m.media-amazon.com/images/I/51bvibaqgyL.jpg;https://m.media-amazon.com/images/I/51cY+Hz6CGL.jpg;https://m.media-amazon.com/images/I/51DWVzbvWVL.jpg;https://m.media-amazon.com/images/I/61pMQUViBoL.jpg;https://m.media-amazon.com/images/I/51KHOzVUdwL.jpg;https://m.media-amazon.com/images/I/51YCRzfjiBL.jpg;https://m.media-amazon.com/images/I/71ppnZ5-AcL.jpg;https://m.media-amazon.com/images/I/713WREYZ0aL.jpg;https://m.media-amazon.com/images/I/51dgT+TNQRL.jpg,[ナイキ] SB ヘリテージ バルク SB HERITAGE VULC ヴァストグレー/アイアングレー/ヴァストグレー/ホワイト CD5010-001 28.5cm,,fashion_display_on_website,,"7,524",1,"7,524",5,472,11.51%,866,6,4,ファッション,スケートボード,Shoes,B0DGTDFTJS,CD5010-001,SHOES,,NIKE(ナイキ),CD5010-001,ヴァストグレー/アイアングレー/ヴァストグレー/ホワイト,28.5 cm,スニーカー,,,no,no
https://m.media-amazon.com/images/I/51bvibaqgyL.jpg;https://m.media-amazon.com/images/I/51cY+Hz6CGL.jpg;https://m.media-amazon.com/images/I/51DWVzbvWVL.jpg;https://m.media-amazon.com/images/I/61pMQUViBoL.jpg;https://m.media-amazon.com/images/I/51KHOzVUdwL.jpg;https://m.media-amazon.com/images/I/51YCRzfjiBL.jpg;https://m.media-amazon.com/images/I/71ppnZ5-AcL.jpg;https://m.media-amazon.com/images/I/713WREYZ0aL.jpg;https://m.media-amazon.com/images/I/51dgT+TNQRL.jpg,[ナイキ] SB ヘリテージ バルク SB HERITAGE VULC ヴァストグレー/アイアングレー/ヴァストグレー/ホワイト CD5010-001 26.0cm,,fashion_display_on_website,,"6,600",2,"6,600",10,472,12.03%,794,9,7,ファッション,スニーカー,Shoes,B0DGT8QY11,CD5010-001,SHOES,,NIKE(ナイキ),CD5010-001,ヴァストグレー/アイアングレー/ヴァストグレー/ホワイト,26.0 cm,スニーカー,,,no,no
https://m.media-amazon.com/images/I/51bvibaqgyL.jpg;https://m.media-amazon.com/images/I/51cY+Hz6CGL.jpg;https://m.media-amazon.com/images/I/51DWVzbvWVL.jpg;https://m.media-amazon.com/images/I/61pMQUViBoL.jpg;https://m.media-amazon.com/images/I/51KHOzVUdwL.jpg;https://m.media-amazon.com/images/I/51YCRzfjiBL.jpg;https://m.media-amazon.com/images/I/71ppnZ5-AcL.jpg;https://m.media-amazon.com/images/I/713WREYZ0aL.jpg;https://m.media-amazon.com/images/I/51dgT+TNQRL.jpg,[ナイキ] SB ヘリテージ バルク SB HERITAGE VULC ヴァストグレー/アイアングレー/ヴァストグレー/ホワイト CD5010-001 26.5cm,,fashion_display_on_website,,"7,780",,,6,472,12.41%,965,10,9,ファッション,スニーカー,Shoes,B0DGSZ4G4D,CD5010-001,SHOES,,NIKE(ナイキ),CD5010-001,ヴァストグレー/アイアングレー/ヴァストグレー/ホワイト,26.5 cm,スニーカー,,,no,no
https://m.media-amazon.com/images/I/51bvibaqgyL.jpg;https://m.media-amazon.com/images/I/51cY+Hz6CGL.jpg;https://m.media-amazon.com/images/I/51DWVzbvWVL.jpg;https://m.media-amazon.com/images/I/61pMQUViBoL.jpg;https://m.media-amazon.com/images/I/51KHOzVUdwL.jpg;https://m.media-amazon.com/images/I/51YCRzfjiBL.jpg;https://m.media-amazon.com/images/I/71ppnZ5-AcL.jpg;https://m.media-amazon.com/images/I/713WREYZ0aL.jpg;https://m.media-amazon.com/images/I/51dgT+TNQRL.jpg,[ナイキ] SB ヘリテージ バルク SB HERITAGE VULC ヴァストグレー/アイアングレー/ヴァストグレー/ホワイト CD5010-001 28.0cm,,fashion_display_on_website,,"7,000",,,,472,12.04%,843,8,6,ファッション,スニーカー,Shoes,B0DGSZCYKZ,CD5010-001,SHOES,,NIKE(ナイキ),CD5010-001,ヴァストグレー/アイアングレー/ヴァストグレー/ホワイト,28.0 cm,スニーカー,,,no,no
https://m.media-amazon.com/images/I/51bvibaqgyL.jpg;https://m.media-amazon.com/images/I/51cY+Hz6CGL.jpg;https://m.media-amazon.com/images/I/51DWVzbvWVL.jpg;https://m.media-amazon.com/images/I/61pMQUViBoL.jpg;https://m.media-amazon.com/images/I/51KHOzVUdwL.jpg;https://m.media-amazon.com/images/I/51YCRzfjiBL.jpg;https://m.media-amazon.com/images/I/71ppnZ5-AcL.jpg;https://m.media-amazon.com/images/I/713WREYZ0aL.jpg;https://m.media-amazon.com/images/I/51dgT+TNQRL.jpg,[ナイキ] SB ヘリテージ バルク SB HERITAGE VULC ヴァストグレー/アイアングレー/ヴァストグレー/ホワイト CD5010-001 25.5cm,,fashion_display_on_website,,"8,611",1,"8,611",6,472,11.57%,996,6,5,ファッション,スニーカー,Shoes,B0DGT1LD29,CD5010-001,SHOES,,NIKE(ナイキ),CD5010-001,ヴァストグレー/アイアングレー/ヴァストグレー/ホワイト,25.5 cm,スニーカー,,,no,no
https://m.media-amazon.com/images/I/51bvibaqgyL.jpg;https://m.media-amazon.com/images/I/51cY+Hz6CGL.jpg;https://m.media-amazon.com/images/I/51DWVzbvWVL.jpg;https://m.media-amazon.com/images/I/61pMQUViBoL.jpg;https://m.media-amazon.com/images/I/51KHOzVUdwL.jpg;https://m.media-amazon.com/images/I/51YCRzfjiBL.jpg;https://m.media-amazon.com/images/I/71ppnZ5-AcL.jpg;https://m.media-amazon.com/images/I/713WREYZ0aL.jpg;https://m.media-amazon.com/images/I/51dgT+TNQRL.jpg,[ナイキ] SB ヘリテージ バルク SB HERITAGE VULC ヴァストグレー/アイアングレー/ヴァストグレー/ホワイト CD5010-001 29.0cm,,fashion_display_on_website,,"9,111",1,"9,702",1,472,11.34%,"1,033",3,1,ファッション,スケートボード,Shoes,B0DGTDK836,CD5010-001,SHOES,,NIKE(ナイキ),CD5010-001,ヴァストグレー/アイアングレー/ヴァストグレー/ホワイト,29.0 cm,スニーカー,,,no,no
https://m.media-amazon.com/images/I/61-oRhEvFzL.jpg;https://m.media-amazon.com/images/I/71s-gu0rT0L.jpg;https://m.media-amazon.com/images/I/51TIEELJbXL.jpg;https://m.media-amazon.com/images/I/51Jri24qiBL.jpg;https://m.media-amazon.com/images/I/61kcOKxTkaL.jpg;https://m.media-amazon.com/images/I/61791x8w2TL.jpg;https://m.media-amazon.com/images/I/51s6xZTEOgL.jpg;https://m.media-amazon.com/images/I/71vzT8EI-WL.jpg;https://m.media-amazon.com/images/I/71iCX-yTJoL.jpg,[ナイキ] ウィンフロー 11 WINFLO 11 ブラック/アンスラサイト/クールグレー/ホワイト FJ9509-001 日本国内正規品 26.0cm,,fashion_display_on_website,,"8,000",1,"8,000",13,472,12.03%,962,11,9,ファッション,ランニング,Shoes,B0D14K4P96,NIKE FJ9509-001,SHOES,nike,NIKE(ナイキ),FJ9509-001,ブラック/アンスラサイト/クールグレー/ホワイト,26.0 cm,スニーカー,,,no,no
https://m.media-amazon.com/images/I/61-oRhEvFzL.jpg;https://m.media-amazon.com/images/I/71s-gu0rT0L.jpg;https://m.media-amazon.com/images/I/51TIEELJbXL.jpg;https://m.media-amazon.com/images/I/51Jri24qiBL.jpg;https://m.media-amazon.com/images/I/61kcOKxTkaL.jpg;https://m.media-amazon.com/images/I/61791x8w2TL.jpg;https://m.media-amazon.com/images/I/51s6xZTEOgL.jpg;https://m.media-amazon.com/images/I/71vzT8EI-WL.jpg;https://m.media-amazon.com/images/I/71iCX-yTJoL.jpg,[ナイキ] ウィンフロー 11 WINFLO 11 ブラック/アンスラサイト/クールグレー/ホワイト FJ9509-001 日本国内正規品 25.5cm,,fashion_display_on_website,,"7,325",10,"7,325",49,472,12.39%,908,24,22,ファッション,ランニング,Shoes,B0D14KQMSG,NIKE FJ9509-001,SHOES,nike,NIKE(ナイキ),FJ9509-001,ブラック/アンスラサイト/クールグレー/ホワイト,25.5 cm,スニーカー,,,no,no
https://m.media-amazon.com/images/I/61-oRhEvFzL.jpg;https://m.media-amazon.com/images/I/71s-gu0rT0L.jpg;https://m.media-amazon.com/images/I/51TIEELJbXL.jpg;https://m.media-amazon.com/images/I/51Jri24qiBL.jpg;https://m.media-amazon.com/images/I/61kcOKxTkaL.jpg;https://m.media-amazon.com/images/I/61791x8w2TL.jpg;https://m.media-amazon.com/images/I/51s6xZTEOgL.jpg;https://m.media-amazon.com/images/I/71vzT8EI-WL.jpg;https://m.media-amazon.com/images/I/71iCX-yTJoL.jpg,[ナイキ] ウィンフロー 11 WINFLO 11 ブラック/アンスラサイト/クールグレー/ホワイト FJ9509-001 日本国内正規品 27.0cm,,fashion_display_on_website,,"7,273",2,"7,199",37,472,12.40%,902,23,20,ファッション,ランニング,Shoes,B0D14MKZ36,NIKE FJ9509-001,SHOES,nike,NIKE(ナイキ),FJ9509-001,ブラック/アンスラサイト/クールグレー/ホワイト,27.0 cm,スニーカー,,,no,no
https://m.media-amazon.com/images/I/61-oRhEvFzL.jpg;https://m.media-amazon.com/images/I/71s-gu0rT0L.jpg;https://m.media-amazon.com/images/I/51TIEELJbXL.jpg;https://m.media-amazon.com/images/I/51Jri24qiBL.jpg;https://m.media-amazon.com/images/I/61kcOKxTkaL.jpg;https://m.media-amazon.com/images/I/61791x8w2TL.jpg;https://m.media-amazon.com/images/I/51s6xZTEOgL.jpg;https://m.media-amazon.com/images/I/71vzT8EI-WL.jpg;https://m.media-amazon.com/images/I/71iCX-yTJoL.jpg,[ナイキ] ウィンフロー 11 WINFLO 11 ブラック/アンスラサイト/クールグレー/ホワイト FJ9509-001 日本国内正規品 28.0cm,,fashion_display_on_website,,"7,399",1,"7,399",27,472,12.33%,912,17,14,ファッション,ランニング,Shoes,B0D14JBSMR,NIKE FJ9509-001,SHOES,nike,NIKE(ナイキ),FJ9509-001,ブラック/アンスラサイト/クールグレー/ホワイト,28.0 cm,スニーカー,,,no,no
https://m.media-amazon.com/images/I/51RyvPc4G-L.jpg;https://m.media-amazon.com/images/I/71FclVMXYqL.jpg;https://m.media-amazon.com/images/I/51JWU--UWDL.jpg;https://m.media-amazon.com/images/I/51Vqf-IoFJL.jpg;https://m.media-amazon.com/images/I/61QfdK2gq1L.jpg;https://m.media-amazon.com/images/I/51sDsea58sL.jpg;https://m.media-amazon.com/images/I/615bcKCwxML.jpg;https://m.media-amazon.com/images/I/71NniZG0+ML.jpg;https://m.media-amazon.com/images/I/51k3j-PFgHL.jpg,[ナイキ] ズーム ライバル フライ 4 ZOOM RIVAL FLY 4 マルチカラー/ボルト/ホワイト/ブラック IM8071-999 26.0cm,,fashion_display_on_website,,"7,890",4,"7,890",13,472,12.10%,955,7,5,ファッション,スニーカー,Shoes,B0G2JXLGJZ,IM8071-999,SHOES,nike,NIKE(ナイキ),IM8071-999,マルチカラー/ボルト/ホワイト/ブラック,26.0 cm,スニーカー,,,no,no
https://m.media-amazon.com/images/I/61KkYvU26uL.jpg;https://m.media-amazon.com/images/I/71C-SKBHxlL.jpg;https://m.media-amazon.com/images/I/51GjWjjTcgL.jpg;https://m.media-amazon.com/images/I/51R4JJ3XFGL.jpg;https://m.media-amazon.com/images/I/71ehYTxYBCL.jpg;https://m.media-amazon.com/images/I/617LIh5hAJL.jpg;https://m.media-amazon.com/images/I/61gDAMILXfL.jpg;https://m.media-amazon.com/images/I/71OlS3pDhXL.jpg;https://m.media-amazon.com/images/I/51XiX7m6CuL.jpg,[ナイキ] エア マックス ボルト W AIR MAX BOLT ホワイト/ホワイト/ブラック CU4152-101 ナイキジャパン正規品 23.0cm,,fashion_display_on_website,,"8,293",1,,9,472,11.83%,981,4,4,ファッション,ランニング,Shoes,B0CBYHPWS1,CU4152-101,SHOES,,NIKE(ナイキ),CU4152-101,ホワイト/ホワイト/ブラック,23.0 cm,スニーカー,,,no,no
https://m.media-amazon.com/images/I/61KkYvU26uL.jpg;https://m.media-amazon.com/images/I/71C-SKBHxlL.jpg;https://m.media-amazon.com/images/I/51GjWjjTcgL.jpg;https://m.media-amazon.com/images/I/51R4JJ3XFGL.jpg;https://m.media-amazon.com/images/I/71ehYTxYBCL.jpg;https://m.media-amazon.com/images/I/617LIh5hAJL.jpg;https://m.media-amazon.com/images/I/61gDAMILXfL.jpg;https://m.media-amazon.com/images/I/71OlS3pDhXL.jpg;https://m.media-amazon.com/images/I/51XiX7m6CuL.jpg,[ナイキ] エア マックス ボルト W AIR MAX BOLT ホワイト/ホワイト/ブラック CU4152-101 ナイキジャパン正規品 25.0cm,,fashion_display_on_website,,"8,000",1,"8,000",3,472,12.03%,962,3,3,ファッション,ランニング,Shoes,B0CBYJD1FT,CU4152-101,SHOES,,NIKE(ナイキ),CU4152-101,ホワイト/ホワイト/ブラック,25.0 cm,スニーカー,,,no,no
https://m.media-amazon.com/images/I/61KkYvU26uL.jpg;https://m.media-amazon.com/images/I/71C-SKBHxlL.jpg;https://m.media-amazon.com/images/I/51GjWjjTcgL.jpg;https://m.media-amazon.com/images/I/51R4JJ3XFGL.jpg;https://m.media-amazon.com/images/I/71ehYTxYBCL.jpg;https://m.media-amazon.com/images/I/617LIh5hAJL.jpg;https://m.media-amazon.com/images/I/61gDAMILXfL.jpg;https://m.media-amazon.com/images/I/71OlS3pDhXL.jpg;https://m.media-amazon.com/images/I/51XiX7m6CuL.jpg,[ナイキ] エア マックス ボルト W AIR MAX BOLT ホワイト/ホワイト/ブラック CU4152-101 ナイキジャパン正規品 23.5cm,,fashion_display_on_website,,"6,920",1,"6,920",20,472,12.40%,858,9,9,ファッション,ランニング,Shoes,B0CBYJ65Y8,CU4152-101,SHOES,,NIKE(ナイキ),CU4152-101,ホワイト/ホワイト/ブラック,23.5 cm,スニーカー,,,no,no
https://m.media-amazon.com/images/I/51QutKOqpKL.jpg;https://m.media-amazon.com/images/I/51DYA+eUnUL.jpg;https://m.media-amazon.com/images/I/510Y2HydknL.jpg;https://m.media-amazon.com/images/I/51WS-n3FRRL.jpg;https://m.media-amazon.com/images/I/51Gd-oMCJeL.jpg;https://m.media-amazon.com/images/I/51QY3E3+wjL.jpg;https://m.media-amazon.com/images/I/61BZ2Pc2WpL.jpg;https://m.media-amazon.com/images/I/61vjBu3wblL.jpg;https://m.media-amazon.com/images/I/41tY3crCEGL.jpg,[ナイキ] エア マックス ボルト W AIR MAX BOLT ホワイト/ホワイト/ホワイト CU4152-100 日本国内正規品 22.5cm,,fashion_display_on_website,,"7,500",1,,5,472,12.41%,931,3,3,ファッション,ランニング,Shoes,B0CCJNY779,NIKE CU4152-100,SHOES,,NIKE(ナイキ),CU4152-100,ホワイト/ホワイト/ホワイト,22.5 cm,スニーカー,,,no,no
https://m.media-amazon.com/images/I/61KkYvU26uL.jpg;https://m.media-amazon.com/images/I/71C-SKBHxlL.jpg;https://m.media-amazon.com/images/I/51GjWjjTcgL.jpg;https://m.media-amazon.com/images/I/51R4JJ3XFGL.jpg;https://m.media-amazon.com/images/I/71ehYTxYBCL.jpg;https://m.media-amazon.com/images/I/617LIh5hAJL.jpg;https://m.media-amazon.com/images/I/61gDAMILXfL.jpg;https://m.media-amazon.com/images/I/71OlS3pDhXL.jpg;https://m.media-amazon.com/images/I/51XiX7m6CuL.jpg,[ナイキ] エア マックス ボルト W AIR MAX BOLT ホワイト/ホワイト/ブラック CU4152-101 ナイキジャパン正規品 24.0cm,,fashion_display_on_website,,"7,749",1,,9,472,12.21%,946,4,4,ファッション,ランニング,Shoes,B0CBYHV57T,CU4152-101,SHOES,,NIKE(ナイキ),CU4152-101,ホワイト/ホワイト/ブラック,24.0 cm,スニーカー,,,no,no
https://m.media-amazon.com/images/I/61CgXFkrXwL.jpg;https://m.media-amazon.com/images/I/61vWBmnNGXL.jpg;https://m.media-amazon.com/images/I/515EydCVBuL.jpg;https://m.media-amazon.com/images/I/71hy37HQ0LL.jpg;https://m.media-amazon.com/images/I/61CgXFkrXwL.jpg;https://m.media-amazon.com/images/I/61R05MS2bpL.jpg;https://m.media-amazon.com/images/I/71SG0OhykaL.jpg,[ナイキ] エア マックス エクシー AIR MAX EXCEE フォトンダスト/サミットホワイト/ブルー FZ5486-004 26.5cm,,fashion_display_on_website,,"6,530",1,"7,100",1,472,12.40%,810,3,1,ファッション,スニーカー,Shoes,B0F295TK25,FZ5486-004,SHOES,nike,NIKE(ナイキ),FZ5486-004,フォトンダスト/サミットホワイト/ブルー,26.5 cm,スニーカー,,,no,no
https://m.media-amazon.com/images/I/51M9uU2vVvL.jpg;https://m.media-amazon.com/images/I/71nZcw8g12L.jpg;https://m.media-amazon.com/images/I/51+VtpMM-2L.jpg;https://m.media-amazon.com/images/I/51dBs6FOZjL.jpg;https://m.media-amazon.com/images/I/41IqLcmgvBL.jpg;https://m.media-amazon.com/images/I/61hDPV7xi4L.jpg;https://m.media-amazon.com/images/I/5176zoT25LL.jpg;https://m.media-amazon.com/images/I/71UIbSt1X1L.jpg;https://m.media-amazon.com/images/I/517c5u+-IxL.jpg,[ナイキ] ズーム フライ 6 ZOOM FLY 6 オブシディアン/ペルシアンバイオレット/ボルト/ホワイト FN8454-403 25.0cm,,fashion_display_on_website,,"9,708",7,"9,708",31,472,11.03%,"1,071",9,8,ファッション,ランニング,Shoes,B0G1TD2CBZ,FN8454-403,SHOES,nike,NIKE(ナイキ),FN8454-403,オブシディアン/ペルシアンバイオレット/ボルト/ホワイト,25.0 cm,スニーカー,,,no,no
https://m.media-amazon.com/images/I/61oxBp370YL.jpg;https://m.media-amazon.com/images/I/61oxBp370YL.jpg;https://m.media-amazon.com/images/I/61ZNZsaFoJL.jpg;https://m.media-amazon.com/images/I/6172Wva0UlL.jpg;https://m.media-amazon.com/images/I/71X5CcKxkvL.jpg;https://m.media-amazon.com/images/I/71aELgwM9AL.jpg;https://m.media-amazon.com/images/I/71iyvTDDBtL.jpg;https://m.media-amazon.com/images/I/5182XdwypwL.jpg,[ナイキ] サンダル スポーツサンダル ウィメンズ エア マックス ココ WMNS AIR MAX KOKO SANDAL レディース HV8558-002 ブラック 24.0 cm [並行輸入品],,fashion_display_on_website,50,"7,800",4,"7,800",23,472,12.17%,949,4,4,ファッション,スポーツサンダル,Shoes,B0FWRMCBY7,HV8558-002,SANDAL,,NIKE(ナイキ),HV8558-002,ブラック,24.0 cm,スポーツカジュアル,,,no,no
https://m.media-amazon.com/images/I/61go3z3iSTL.jpg;https://m.media-amazon.com/images/I/61LHBGfXYjL.jpg;https://m.media-amazon.com/images/I/61pW-AvcsWL.jpg;https://m.media-amazon.com/images/I/61BsxVEmbnL.jpg;https://m.media-amazon.com/images/I/71EZ+h5kdcL.jpg;https://m.media-amazon.com/images/I/71GKL0rI4pL.jpg;https://m.media-amazon.com/images/I/61uDJ2B+czL.jpg;https://m.media-amazon.com/images/I/61hhiTAzsEL.jpg,Nike (ナイキ) メンズ オフコート スライド サンダル Bq4639-002 US サイズ: 10 カラー: ホワイト,,fashion_display_on_website,,,,"5,480",3,430,12.41%,-,2,2,ファッション,スポーツサンダル,Shoes,B081P2NQ3S,BQ4639-001,SANDAL,,NIKE(ナイキ),BQ4639-001,ダークグレー/ブラックホワイト,28.0 cm,サンダル,,,no,no
https://m.media-amazon.com/images/I/61gc7DuOUKL.jpg;https://m.media-amazon.com/images/I/416bB1CUgIL.jpg;https://m.media-amazon.com/images/I/41IkgJcKS-L.jpg;https://m.media-amazon.com/images/I/51m5ChDnzCL.jpg;https://m.media-amazon.com/images/I/51FyxhlURsL.jpg;https://m.media-amazon.com/images/I/517aAVGY3CL.jpg;https://m.media-amazon.com/images/I/61JNgzxjsTL.jpg,[ナイキ] コート ボロー ミッド ウィンター COURT BOROUGH MID WINTER ブラック/ブラック AA0547-002 28.5cm,,fashion_display_on_website,,"6,061",3,"6,000",20,472,11.58%,702,12,9,ファッション,バスケットボール,Shoes,B0DJJSXQJ5,AA0547-002,SHOES,nike,NIKE(ナイキ),AA0547-002,ブラック/ブラック,28.5 cm,スニーカー,,,no,no
https://m.media-amazon.com/images/I/51Z61vqlgUL.jpg;https://m.media-amazon.com/images/I/516OLY-Ow+L.jpg;https://m.media-amazon.com/images/I/51vhBJ8rRLL.jpg;https://m.media-amazon.com/images/I/61uEgMGuoTL.jpg;https://m.media-amazon.com/images/I/51Z61vqlgUL.jpg;https://m.media-amazon.com/images/I/61xFwQ3UUCL.jpg;https://m.media-amazon.com/images/I/71xFoy2y4SL.jpg;https://m.media-amazon.com/images/I/71xVa1PwdmL.jpg;https://m.media-amazon.com/images/I/51J3lfkTYcL.jpg,[ナイキ] エア ウィンフロー 10 W AIR WINFLO 10 ブラック/ホワイト DV4023-003 日本国内正規品 23.0cm,,fashion_display_on_website,,"6,980",1,"6,910",7,472,12.41%,866,4,4,ファッション,ランニング,Shoes,B0C1SHTXJ1,NIKE DV4023-003,SHOES,,NIKE(ナイキ),DV4023-003,ブラック/ホワイト,23.0 cm,スニーカー,,,no,no
https://m.media-amazon.com/images/I/51Nlba8SETL.jpg,[ナイキ] フレックス ランナー 2 J FLEX RUNNER 2 ブラック/フォトブルー/ユニバーシティゴールド/ホワイト DJ6038-002 日本国内正規品 23.0cm,,fashion_display_on_website,,"5,098",4,"5,098",25,472,12.41%,633,8,8,ファッション,ランニング,Shoes,B09X2JNW2S,NIKE DJ6038-002,SHOES,,NIKE(ナイキ),DJ6038-002,ブラック/フォトブルー/ユニバーシティゴールド/ホワイト,23.0 cm,スニーカー,,,no,no
https://m.media-amazon.com/images/I/51Nlba8SETL.jpg,[ナイキ] フレックス ランナー 2 J FLEX RUNNER 2 ブラック/フォトブルー/ユニバーシティゴールド/ホワイト DJ6038-002 日本国内正規品 22.5cm,,fashion_display_on_website,,"6,000",1,"6,000",19,430,12.40%,744,6,6,ファッション,ランニング,Shoes,B09X2LJW72,NIKE DJ6038-002,SHOES,,NIKE(ナイキ),DJ6038-002,ブラック/フォトブルー/ユニバーシティゴールド/ホワイト,22.5 cm,スニーカー,,,no,no
https://m.media-amazon.com/images/I/51Nlba8SETL.jpg,NIKE(ナイキ) フレックス ランナー 2 J FLEX RUNNER 2 ブラック/フォトブルー/ユニバーシティゴールド/ホワイト DJ6038-002 日本国内正規品 24.5cm,,fashion_display_on_website,,"5,580",5,"5,524",28,472,12.41%,692,9,9,ファッション,ランニング,Shoes,B09X2M65DV,NIKE DJ6038-002,SHOES,,NIKE(ナイキ),DJ6038-002,ブラック/フォトブルー/ユニバーシティゴールド/ホワイト,24.5 cm,スニーカー,,,no,no
https://m.media-amazon.com/images/I/51Nlba8SETL.jpg,[ナイキ] フレックス ランナー 2 J FLEX RUNNER 2 ブラック/フォトブルー/ユニバーシティゴールド/ホワイト DJ6038-002 日本国内正規品 24.0cm,,fashion_display_on_website,,"6,040",5,"5,980",33,472,12.40%,749,11,11,ファッション,ランニング,Shoes,B09X2KPHX4,NIKE DJ6038-002,SHOES,,NIKE(ナイキ),DJ6038-002,ブラック/フォトブルー/ユニバーシティゴールド/ホワイト,24.0 cm,スニーカー,,,no,no
https://m.media-amazon.com/images/I/51Nlba8SETL.jpg,[ナイキ] フレックス ランナー 2 J FLEX RUNNER 2 ブラック/フォトブルー/ユニバーシティゴールド/ホワイト DJ6038-002 日本国内正規品 23.5cm,,fashion_display_on_website,,"6,040",5,"5,980",36,472,12.40%,749,9,9,ファッション,ランニング,Shoes,B09X2KZKQL,NIKE DJ6038-002,SHOES,,NIKE(ナイキ),DJ6038-002,ブラック/フォトブルー/ユニバーシティゴールド/ホワイト,23.5 cm,スニーカー,,,no,no
https://m.media-amazon.com/images/I/510xYlRSRcL.jpg;https://m.media-amazon.com/images/I/51scPbMQI6L.jpg;https://m.media-amazon.com/images/I/51mIGfjMtzL.jpg;https://m.media-amazon.com/images/I/71HYicfhrsL.jpg;https://m.media-amazon.com/images/I/61vv0+8fBDL.jpg;https://m.media-amazon.com/images/I/61UchnicGlL.jpg;https://m.media-amazon.com/images/I/61iKPwP4wZL.jpg,[ナイキ] ゴー フライイーズ W Go FlyEase ブラック/ブラック DR5540-006 23.0cm,,fashion_display_on_website,,"8,580",1,"8,494",21,472,11.63%,998,12,11,ファッション,スニーカー,Shoes,B0DH8BNSC5,DR5540-006,SHOES,nike,NIKE(ナイキ),DR5540-006,ブラック/ブラック,23.0 cm,スニーカー,,,no,no
https://m.media-amazon.com/images/I/51Qul9Y4u1L.jpg;https://m.media-amazon.com/images/I/71+bQGq7XkL.jpg;https://m.media-amazon.com/images/I/51PVLqb7wZL.jpg;https://m.media-amazon.com/images/I/41XfxKw0qTL.jpg;https://m.media-amazon.com/images/I/51mnj7CBrdL.jpg;https://m.media-amazon.com/images/I/61kGRgHyr2L.jpg;https://m.media-amazon.com/images/I/61-+LpP6UwL.jpg,[ナイキ] リアクトX リジュビネイト ReactX Rejuven8 ブラック/ブラック/ブラック HV4479-001 26.0cm,,fashion_display_on_website,,,,"9,800",2,472,8%,-,2,1,ファッション,野球・ソフトボール,Shoes,B0F5Y3QLG1,HV4479-001,SHOES,nike,NIKE(ナイキ),HV4479-001,ブラック/ブラック/ブラック,26.0 cm,スニーカー,,,no,no
https://m.media-amazon.com/images/I/51Qul9Y4u1L.jpg;https://m.media-amazon.com/images/I/71+bQGq7XkL.jpg;https://m.media-amazon.com/images/I/51PVLqb7wZL.jpg;https://m.media-amazon.com/images/I/41XfxKw0qTL.jpg;https://m.media-amazon.com/images/I/51mnj7CBrdL.jpg;https://m.media-amazon.com/images/I/61kGRgHyr2L.jpg;https://m.media-amazon.com/images/I/61-+LpP6UwL.jpg,[ナイキ] リアクトX リジュビネイト ReactX Rejuven8 ブラック/ブラック/ブラック HV4479-001 27.0cm,,fashion_display_on_website,,,,"9,349",1,472,8%,-,2,1,ファッション,ランニング,Shoes,B0F5YCYVD9,HV4479-001,SHOES,nike,NIKE(ナイキ),HV4479-001,ブラック/ブラック/ブラック,27.0 cm,スニーカー,,,no,no
https://m.media-amazon.com/images/I/51Qul9Y4u1L.jpg;https://m.media-amazon.com/images/I/71+bQGq7XkL.jpg;https://m.media-amazon.com/images/I/51PVLqb7wZL.jpg;https://m.media-amazon.com/images/I/41XfxKw0qTL.jpg;https://m.media-amazon.com/images/I/51mnj7CBrdL.jpg;https://m.media-amazon.com/images/I/61kGRgHyr2L.jpg;https://m.media-amazon.com/images/I/61-+LpP6UwL.jpg,[ナイキ] リアクトX リジュビネイト ReactX Rejuven8 ブラック/ブラック/ブラック HV4479-001 28.0cm,,fashion_display_on_website,,,,"9,350",2,472,11.21%,-,2,1,ファッション,野球・ソフトボール,Shoes,B0F5XBRZ1H,HV4479-001,SHOES,,NIKE(ナイキ),HV4479-001,ブラック/ブラック/ブラック,28.0 cm,スニーカー,,,no,no
https://m.media-amazon.com/images/I/51dMsMpz8aL.jpg;https://m.media-amazon.com/images/I/51QQDAQdb0L.jpg;https://m.media-amazon.com/images/I/51AQPDVTPgL.jpg;https://m.media-amazon.com/images/I/51r7g3SfqgL.jpg;https://m.media-amazon.com/images/I/61yLf1Pr90L.jpg;https://m.media-amazon.com/images/I/514KRE3EeIL.jpg;https://m.media-amazon.com/images/I/71R4PdYHTVL.jpg,[ナイキ] チャージ スエード CHARGE SUEDE ブラック/ブラック/ブラック IB2750-002 27.5cm,,fashion_display_on_website,,,,"7,979",4,472,12.33%,-,5,3,ファッション,スニーカー,Shoes,B0DYY88QXY,IB2750-002,SHOES,nike,NIKE(ナイキ),IB2750-002,ブラック/ブラック/ブラック,27.5 cm,スニーカー,,,no,no
https://m.media-amazon.com/images/I/51dMsMpz8aL.jpg;https://m.media-amazon.com/images/I/51QQDAQdb0L.jpg;https://m.media-amazon.com/images/I/51AQPDVTPgL.jpg;https://m.media-amazon.com/images/I/51r7g3SfqgL.jpg;https://m.media-amazon.com/images/I/61yLf1Pr90L.jpg;https://m.media-amazon.com/images/I/514KRE3EeIL.jpg;https://m.media-amazon.com/images/I/71R4PdYHTVL.jpg,[ナイキ] チャージ スエード CHARGE SUEDE ブラック/ブラック/ブラック IB2750-002 28.0cm,,fashion_display_on_website,,,,"6,979",4,472,12.41%,-,6,4,ファッション,スニーカー,Shoes,B0DYY7LW5B,IB2750-002,SHOES,,NIKE(ナイキ),IB2750-002,ブラック/ブラック/ブラック,28.0 cm,スニーカー,,,no,no
https://m.media-amazon.com/images/I/51dMsMpz8aL.jpg;https://m.media-amazon.com/images/I/51QQDAQdb0L.jpg;https://m.media-amazon.com/images/I/51AQPDVTPgL.jpg;https://m.media-amazon.com/images/I/51r7g3SfqgL.jpg;https://m.media-amazon.com/images/I/61yLf1Pr90L.jpg;https://m.media-amazon.com/images/I/514KRE3EeIL.jpg;https://m.media-amazon.com/images/I/71R4PdYHTVL.jpg,[ナイキ] チャージ スエード CHARGE SUEDE ブラック/ブラック/ブラック IB2750-002 25.0cm,,fashion_display_on_website,,"6,336",1,"6,336",10,430,12.41%,786,8,5,ファッション,スケートボード,Shoes,B0DYY8QQK5,IB2750-002,SHOES,nike,NIKE(ナイキ),IB2750-002,ブラック/ブラック/ブラック,25.0 cm,スニーカー,,,no,no
https://m.media-amazon.com/images/I/51dMsMpz8aL.jpg;https://m.media-amazon.com/images/I/51QQDAQdb0L.jpg;https://m.media-amazon.com/images/I/51AQPDVTPgL.jpg;https://m.media-amazon.com/images/I/51r7g3SfqgL.jpg;https://m.media-amazon.com/images/I/61yLf1Pr90L.jpg;https://m.media-amazon.com/images/I/514KRE3EeIL.jpg;https://m.media-amazon.com/images/I/71R4PdYHTVL.jpg,[ナイキ] チャージ スエード CHARGE SUEDE ブラック/ブラック/ブラック IB2750-002 27.0cm,,fashion_display_on_website,,"5,800",1,"5,800",4,472,12.40%,719,4,2,ファッション,ランニング,Shoes,B0DYY9VP1D,IB2750-002,SHOES,nike,NIKE(ナイキ),IB2750-002,ブラック/ブラック/ブラック,27.0 cm,スニーカー,,,no,no
https://m.media-amazon.com/images/I/51dMsMpz8aL.jpg;https://m.media-amazon.com/images/I/51QQDAQdb0L.jpg;https://m.media-amazon.com/images/I/51AQPDVTPgL.jpg;https://m.media-amazon.com/images/I/51r7g3SfqgL.jpg;https://m.media-amazon.com/images/I/61yLf1Pr90L.jpg;https://m.media-amazon.com/images/I/514KRE3EeIL.jpg;https://m.media-amazon.com/images/I/71R4PdYHTVL.jpg,[ナイキ] チャージ スエード CHARGE SUEDE ブラック/ブラック/ブラック IB2750-002 26.5cm,,fashion_display_on_website,,"5,966",2,"5,966",15,472,12.40%,740,9,6,ファッション,スニーカー,Shoes,B0DYY8VCTQ,IB2750-002,SHOES,nike,NIKE(ナイキ),IB2750-002,ブラック/ブラック/ブラック,26.5 cm,スニーカー,,,no,no
https://m.media-amazon.com/images/I/51dMsMpz8aL.jpg;https://m.media-amazon.com/images/I/51QQDAQdb0L.jpg;https://m.media-amazon.com/images/I/51AQPDVTPgL.jpg;https://m.media-amazon.com/images/I/51r7g3SfqgL.jpg;https://m.media-amazon.com/images/I/61yLf1Pr90L.jpg;https://m.media-amazon.com/images/I/514KRE3EeIL.jpg;https://m.media-amazon.com/images/I/71R4PdYHTVL.jpg,[ナイキ] チャージ スエード CHARGE SUEDE ブラック/ブラック/ブラック IB2750-002 25.5cm,,fashion_display_on_website,,"5,157",1,"5,157",32,472,12.39%,639,14,12,ファッション,スニーカー,Shoes,B0DYY9VMK3,IB2750-002,SHOES,nike,NIKE(ナイキ),IB2750-002,ブラック/ブラック/ブラック,25.5 cm,スニーカー,,,no,no
https://m.media-amazon.com/images/I/51dMsMpz8aL.jpg;https://m.media-amazon.com/images/I/51QQDAQdb0L.jpg;https://m.media-amazon.com/images/I/51AQPDVTPgL.jpg;https://m.media-amazon.com/images/I/51r7g3SfqgL.jpg;https://m.media-amazon.com/images/I/61yLf1Pr90L.jpg;https://m.media-amazon.com/images/I/514KRE3EeIL.jpg;https://m.media-amazon.com/images/I/71R4PdYHTVL.jpg,[ナイキ] チャージ スエード CHARGE SUEDE ブラック/ブラック/ブラック IB2750-002 26.0cm,,fashion_display_on_website,,"5,795",12,"5,795",42,472,12.41%,719,7,5,ファッション,スニーカー,Shoes,B0DYY74C3L,IB2750-002,SHOES,,NIKE(ナイキ),IB2750-002,ブラック/ブラック/ブラック,26.0 cm,スニーカー,,,no,no
https://m.media-amazon.com/images/I/514pjSPZ4tL.jpg;https://m.media-amazon.com/images/I/61v2pobWIFL.jpg;https://m.media-amazon.com/images/I/71bMmYHyBNL.jpg;https://m.media-amazon.com/images/I/51P-woRxLpL.jpg;https://m.media-amazon.com/images/I/51qilot5mCL.jpg;https://m.media-amazon.com/images/I/61ZBmbpQWUL.jpg;https://m.media-amazon.com/images/I/71Nty53vo+L.jpg;https://m.media-amazon.com/images/I/511ZOIqOa6L.jpg;https://m.media-amazon.com/images/I/71HIhutC1UL.jpg,[ナイキ] AL8 W AL8 サミットホワイト/グレー FJ3794-102 24.0cm,,fashion_display_on_website,,,,,3,472,11.58%,-,2,1,ファッション,ランニング,Shoes,B0D95ZR4Z8,FJ3794-102,SHOES,,NIKE(ナイキ),FJ3794-102,サミットホワイト/グレー,24.0 cm,スニーカー,,,no,no
https://m.media-amazon.com/images/I/61OcVwovHyS.jpg;https://m.media-amazon.com/images/I/61s-C3HE6fS.jpg;https://m.media-amazon.com/images/I/61DeNFi1LTS.jpg;https://m.media-amazon.com/images/I/613cFC9HN3S.jpg;https://m.media-amazon.com/images/I/61OcVwovHyS.jpg;https://m.media-amazon.com/images/I/61pzJpS7ZlS.jpg;https://m.media-amazon.com/images/I/71V-z1qgYDS.jpg;https://m.media-amazon.com/images/I/714727q+MqS.jpg;https://m.media-amazon.com/images/I/51Fc60oMr7S.jpg,[ナイキ] コート ビジョン ロー NN COURT VISION LO NN ブラック/ブラック DH2987-002 26.5cm ナイキジャパン正規品,,fashion_display_on_website,,"7,424",3,"7,424",10,472,12.41%,921,4,4,ファッション,スニーカー,Shoes,B098NLVG6X,DH2987-002,SHOES,,NIKE(ナイキ),DH2987-002,ブラック/ブラック,26.5 cm,スニーカー,,,no,no
https://m.media-amazon.com/images/I/61OcVwovHyS.jpg;https://m.media-amazon.com/images/I/61s-C3HE6fS.jpg;https://m.media-amazon.com/images/I/61DeNFi1LTS.jpg;https://m.media-amazon.com/images/I/613cFC9HN3S.jpg;https://m.media-amazon.com/images/I/61OcVwovHyS.jpg;https://m.media-amazon.com/images/I/61pzJpS7ZlS.jpg;https://m.media-amazon.com/images/I/71V-z1qgYDS.jpg;https://m.media-amazon.com/images/I/714727q+MqS.jpg;https://m.media-amazon.com/images/I/51Fc60oMr7S.jpg,[ナイキ] コート ビジョン ロー NN COURT VISION LO NN ブラック/ブラック DH2987-002 26.0cm ナイキジャパン正規品,,fashion_display_on_website,,"7,790",2,,5,472,12.18%,949,4,3,ファッション,スニーカー,Shoes,B098NGXJXT,DH2987-002,SHOES,,NIKE(ナイキ),DH2987-002,ブラック/ブラック,26.0 cm,スニーカー,,,no,no
https://m.media-amazon.com/images/I/61pj5sOksBL.jpg;https://m.media-amazon.com/images/I/61ntCP0Y0zL.jpg;https://m.media-amazon.com/images/I/616SQk6eB3L.jpg;https://m.media-amazon.com/images/I/71Y0w2pRCHL.jpg;https://m.media-amazon.com/images/I/61hDHvciQ6L.jpg;https://m.media-amazon.com/images/I/61C+3ZcVvQL.jpg;https://m.media-amazon.com/images/I/61BcL6bLf1L.jpg;https://m.media-amazon.com/images/I/61gwnlCKtKL.jpg;https://m.media-amazon.com/images/I/61rZZQi02xL.jpg,[ナイキ] ジョーダン フェイドアウェイ JORDAN FADEAWAY ブラック/アンスラサイト/ホワイト AO1329-003 27.0cm,,fashion_display_on_website,,"6,400",1,"6,400",13,472,12.40%,794,11,8,ファッション,ランニング,Shoes,B0FQV4CMS7,AO1329-003,SHOES,nike,NIKE(ナイキ),AO1329-003,ブラック/アンスラサイト/ホワイト,27.0 cm,スニーカー,,,no,no
https://m.media-amazon.com/images/I/51HsvAbUBXL.jpg;https://m.media-amazon.com/images/I/61laUF-tQmL.jpg;https://m.media-amazon.com/images/I/61CmmI6Bz9L.jpg;https://m.media-amazon.com/images/I/51y3vW1WlWL.jpg;https://m.media-amazon.com/images/I/511Mzvw6QML.jpg;https://m.media-amazon.com/images/I/51UT+AgnfHL.jpg;https://m.media-amazon.com/images/I/51rq-Di7sjL.jpg;https://m.media-amazon.com/images/I/6107i5u0fJL.jpg;https://m.media-amazon.com/images/I/51JNyqoQoxL.jpg,[ナイキ] コート ロイヤル W COURT ROYALE ホワイト/ホワイト 749867-105 日本国内正規品 25.0cm,,fashion_display_on_website,,"5,624",1,"5,624",3,430,12.39%,697,3,2,ファッション,ランニング,Shoes,B0CLB3D1XW,NIKE 749867-105,SHOES,,NIKE(ナイキ),749867-105,ホワイト/ホワイト,25.0 cm,スニーカー,,,no,no
https://m.media-amazon.com/images/I/51HsvAbUBXL.jpg;https://m.media-amazon.com/images/I/61laUF-tQmL.jpg;https://m.media-amazon.com/images/I/61CmmI6Bz9L.jpg;https://m.media-amazon.com/images/I/51y3vW1WlWL.jpg;https://m.media-amazon.com/images/I/511Mzvw6QML.jpg;https://m.media-amazon.com/images/I/51UT+AgnfHL.jpg;https://m.media-amazon.com/images/I/51rq-Di7sjL.jpg;https://m.media-amazon.com/images/I/6107i5u0fJL.jpg;https://m.media-amazon.com/images/I/51JNyqoQoxL.jpg,[ナイキ] コート ロイヤル W COURT ROYALE ホワイト/ホワイト 749867-105 日本国内正規品 24.5cm,,fashion_display_on_website,,"7,733",1,"7,733",12,430,12.22%,945,7,6,ファッション,ランニング,Shoes,B0CLB2HCKN,NIKE 749867-105,SHOES,,NIKE(ナイキ),749867-105,ホワイト/ホワイト,24.5 cm,スニーカー,,,no,no
https://m.media-amazon.com/images/I/61p03LiPF6L.jpg;https://m.media-amazon.com/images/I/61HGjeGRwPL.jpg;https://m.media-amazon.com/images/I/61dTUbwt1gL.jpg;https://m.media-amazon.com/images/I/71yVVAkv1HL.jpg;https://m.media-amazon.com/images/I/61OrsVZqAKL.jpg;https://m.media-amazon.com/images/I/61PnfdHZIHL.jpg;https://m.media-amazon.com/images/I/61MjxYsEBsL.jpg;https://m.media-amazon.com/images/I/61BYRg6do7L.jpg;https://m.media-amazon.com/images/I/517nx0DnsBL.jpg,NIKE(ナイキ)コートロイヤルWCOURTROYALEパーティクルローズ/ガムライトブラウン/スモーキーモーブ749867-600日本国内正規品24.5cm,,fashion_display_on_website,,"6,490",2,,5,430,12.40%,805,4,4,ファッション,ランニング,Shoes,B0CN6TX3G9,NIKE 749867-600,SHOES,,NIKE(ナイキ),749867-600,パーティクルローズ/ガムライトブラウン/スモーキーモーブ,24.5 cm,スニーカー,,,no,no
https://m.media-amazon.com/images/I/51HsvAbUBXL.jpg;https://m.media-amazon.com/images/I/61laUF-tQmL.jpg;https://m.media-amazon.com/images/I/61CmmI6Bz9L.jpg;https://m.media-amazon.com/images/I/51y3vW1WlWL.jpg;https://m.media-amazon.com/images/I/511Mzvw6QML.jpg;https://m.media-amazon.com/images/I/51UT+AgnfHL.jpg;https://m.media-amazon.com/images/I/51rq-Di7sjL.jpg;https://m.media-amazon.com/images/I/6107i5u0fJL.jpg;https://m.media-amazon.com/images/I/51JNyqoQoxL.jpg,[ナイキ] コート ロイヤル W COURT ROYALE ホワイト/ホワイト 749867-105 日本国内正規品 24.0cm,,fashion_display_on_website,,"7,733",1,"7,733",12,430,12.22%,945,7,6,ファッション,ランニング,Shoes,B0CLB2VS54,NIKE 749867-105,SHOES,,NIKE(ナイキ),749867-105,ホワイト/ホワイト,24.0 cm,スニーカー,,,no,no
https://m.media-amazon.com/images/I/51HsvAbUBXL.jpg;https://m.media-amazon.com/images/I/61laUF-tQmL.jpg;https://m.media-amazon.com/images/I/61CmmI6Bz9L.jpg;https://m.media-amazon.com/images/I/51y3vW1WlWL.jpg;https://m.media-amazon.com/images/I/511Mzvw6QML.jpg;https://m.media-amazon.com/images/I/51UT+AgnfHL.jpg;https://m.media-amazon.com/images/I/51rq-Di7sjL.jpg;https://m.media-amazon.com/images/I/6107i5u0fJL.jpg;https://m.media-amazon.com/images/I/51JNyqoQoxL.jpg,[ナイキ] コート ロイヤル W COURT ROYALE ホワイト/ホワイト 749867-105 日本国内正規品 23.5cm,,fashion_display_on_website,,"7,656",1,"7,656",13,430,12.28%,940,7,6,ファッション,ランニング,Shoes,B0CLB46CJ1,NIKE 749867-105,SHOES,,NIKE(ナイキ),749867-105,ホワイト/ホワイト,23.5 cm,スニーカー,,,no,no
https://m.media-amazon.com/images/I/51VxcZJ8b+L.jpg;https://m.media-amazon.com/images/I/51x4a9zLAVL.jpg;https://m.media-amazon.com/images/I/51DqFeX53CL.jpg;https://m.media-amazon.com/images/I/610ctfSi+7L.jpg;https://m.media-amazon.com/images/I/51PcGg7HKcL.jpg;https://m.media-amazon.com/images/I/51hwW5l5+bL.jpg;https://m.media-amazon.com/images/I/71INCvYGEcL.jpg;https://m.media-amazon.com/images/I/71QiujbU7WL.jpg;https://m.media-amazon.com/images/I/51jyR5QQtdL.jpg,[ナイキ] コート ロイヤル COURT ROYALE スニーカー シューズ ブラック/ホワイト 749747-010 日本国内正規品 27.0cm,,fashion_display_on_website,,"6,080",2,,6,472,12.41%,755,6,5,ファッション,スニーカー,Shoes,B0CKDZQ2J2,NIKE 749747-010,SHOES,,NIKE(ナイキ),749747-010,ブラック/ホワイト,27.0 cm,スニーカー,,,no,no
https://m.media-amazon.com/images/I/71wWvtdqNUL.jpg;https://m.media-amazon.com/images/I/71aIT4l2SsL.jpg;https://m.media-amazon.com/images/I/71QFYfsuTiL.jpg;https://m.media-amazon.com/images/I/81xzWcT5pOL.jpg;https://m.media-amazon.com/images/I/714+gde9B7L.jpg,[ナイキ] ブラジリア S ダッフル 9.5 DM3976 ブラック,,fashion_display_on_website,50,"5,180",1,"5,200",14,675,12.39%,642,5,3,ファッション,スポーツダッフルバッグ,Luggage,B09NYGYSM7,DM3976,DUFFEL_BAG,Nike,NIKE(ナイキ),DM3976,ブラック/ブラック/ホワイト,One Size,ブラジリア トレーニングダッフルバッグ,,,no,no
https://m.media-amazon.com/images/I/71nKZAwOPiL.jpg;https://m.media-amazon.com/images/I/71sW8ZQBigL.jpg;https://m.media-amazon.com/images/I/81TZtl791eL.jpg,ナイキ メンズ ヘリテージ ジムサック - ダークグレー/ブラック/ブラック、43 x 33 cm,,fashion_display_on_website,100,,,"9,800",16,472,10.99%,-,3,2,ファッション,ジムサック・ナップサック,Shoes,B01GJ85UC4,BA5351-011-Misc,BACKPACK,ナイキ,NIKE(ナイキ),BA5351-011,009-ダークグレー/ブラック,"W約32.5cm×H約43cm×D約5cm,容量/約13L,重さ/約180g",ナップサック 巾着 シューズバッグ ランドリーバッグ,1,,no,no
https://m.media-amazon.com/images/I/612J4vqMfZL.jpg;https://m.media-amazon.com/images/I/71t+PEbBMRL.jpg;https://m.media-amazon.com/images/I/61d9JmY+wXL.jpg;https://m.media-amazon.com/images/I/61zmpbwvQfL.jpg;https://m.media-amazon.com/images/I/815nSajCqXL.jpg;https://m.media-amazon.com/images/I/61AUBDadx4L.jpg;https://m.media-amazon.com/images/I/61AgfJR7rwL.jpg;https://m.media-amazon.com/images/I/61hrOo9S0eL.jpg;https://m.media-amazon.com/images/I/61lW49NaVpL.jpg,[ナイキ] エスビーアリウープ SBAlleyoop ブラック/ブラック/ホワイト CJ0882-001 26.0cm 日本国内正規品,,fashion_display_on_website,,"6,880",3,"6,880",3,472,12.04%,828,2,2,ファッション,ランニング,Shoes,B08C9Z1Z44,CJ0882-001,SHOES,,NIKE(ナイキ),CJ0882-001,ブラック/ブラック/ホワイト,26.0 cm,スニーカー,,,no,no
https://m.media-amazon.com/images/I/612J4vqMfZL.jpg;https://m.media-amazon.com/images/I/71t+PEbBMRL.jpg;https://m.media-amazon.com/images/I/61d9JmY+wXL.jpg;https://m.media-amazon.com/images/I/61zmpbwvQfL.jpg;https://m.media-amazon.com/images/I/815nSajCqXL.jpg;https://m.media-amazon.com/images/I/61AUBDadx4L.jpg;https://m.media-amazon.com/images/I/61AgfJR7rwL.jpg;https://m.media-amazon.com/images/I/61hrOo9S0eL.jpg;https://m.media-amazon.com/images/I/61lW49NaVpL.jpg,[ナイキ] エスビーアリウープ SBAlleyoop ブラック/ブラック/ホワイト CJ0882-001 27.5cm 日本国内正規品,,fashion_display_on_website,,"6,780",1,,5,472,12.40%,841,5,4,ファッション,ランニング,Shoes,B08C9HML7W,CJ0882-001,SHOES,,NIKE(ナイキ),CJ0882-001,ブラック/ブラック/ホワイト,27.5 cm,スニーカー,,,no,no
https://m.media-amazon.com/images/I/612J4vqMfZL.jpg;https://m.media-amazon.com/images/I/71t+PEbBMRL.jpg;https://m.media-amazon.com/images/I/61d9JmY+wXL.jpg;https://m.media-amazon.com/images/I/61zmpbwvQfL.jpg;https://m.media-amazon.com/images/I/815nSajCqXL.jpg;https://m.media-amazon.com/images/I/61AUBDadx4L.jpg;https://m.media-amazon.com/images/I/61AgfJR7rwL.jpg;https://m.media-amazon.com/images/I/61hrOo9S0eL.jpg;https://m.media-amazon.com/images/I/61lW49NaVpL.jpg,[ナイキ] エスビーアリウープ SBAlleyoop ブラック/ブラック/ホワイト CJ0882-001 29.0cm 日本国内正規品,,fashion_display_on_website,,"7,000",1,,4,472,12.40%,868,4,3,ファッション,ランニング,Shoes,B08C9LLVCH,CJ0882-001,SHOES,,NIKE(ナイキ),CJ0882-001,ブラック/ブラック/ホワイト,29.0 cm,スニーカー,,,no,no
https://m.media-amazon.com/images/I/612J4vqMfZL.jpg;https://m.media-amazon.com/images/I/71t+PEbBMRL.jpg;https://m.media-amazon.com/images/I/61d9JmY+wXL.jpg;https://m.media-amazon.com/images/I/61zmpbwvQfL.jpg;https://m.media-amazon.com/images/I/815nSajCqXL.jpg;https://m.media-amazon.com/images/I/61AUBDadx4L.jpg;https://m.media-amazon.com/images/I/61AgfJR7rwL.jpg;https://m.media-amazon.com/images/I/61hrOo9S0eL.jpg;https://m.media-amazon.com/images/I/61lW49NaVpL.jpg,[ナイキ] エスビーアリウープ SBAlleyoop ブラック/ブラック/ホワイト CJ0882-001 27.0cm 日本国内正規品,,fashion_display_on_website,,,,"8,999",16,472,11.40%,-,6,5,ファッション,ランニング,Shoes,B08C9YXH2X,CJ0882-001,SHOES,,NIKE(ナイキ),CJ0882-001,ブラック/ブラック/ホワイト,27.0 cm,スニーカー,,,no,no
https://m.media-amazon.com/images/I/612J4vqMfZL.jpg;https://m.media-amazon.com/images/I/71t+PEbBMRL.jpg;https://m.media-amazon.com/images/I/61d9JmY+wXL.jpg;https://m.media-amazon.com/images/I/61zmpbwvQfL.jpg;https://m.media-amazon.com/images/I/815nSajCqXL.jpg;https://m.media-amazon.com/images/I/61AUBDadx4L.jpg;https://m.media-amazon.com/images/I/61AgfJR7rwL.jpg;https://m.media-amazon.com/images/I/61hrOo9S0eL.jpg;https://m.media-amazon.com/images/I/61lW49NaVpL.jpg,[ナイキ] エスビーアリウープ SBAlleyoop ブラック/ブラック/ホワイト CJ0882-001 26.5cm 日本国内正規品,,fashion_display_on_website,,"6,986",2,"6,986",9,472,12.40%,866,5,4,ファッション,ランニング,Shoes,B08C9V1P2J,CJ0882-001,SHOES,,NIKE(ナイキ),CJ0882-001,ブラック/ブラック/ホワイト,26.5 cm,スニーカー,,,no,no
https://m.media-amazon.com/images/I/612J4vqMfZL.jpg;https://m.media-amazon.com/images/I/71t+PEbBMRL.jpg;https://m.media-amazon.com/images/I/61d9JmY+wXL.jpg;https://m.media-amazon.com/images/I/61zmpbwvQfL.jpg;https://m.media-amazon.com/images/I/815nSajCqXL.jpg;https://m.media-amazon.com/images/I/61AUBDadx4L.jpg;https://m.media-amazon.com/images/I/61AgfJR7rwL.jpg;https://m.media-amazon.com/images/I/61hrOo9S0eL.jpg;https://m.media-amazon.com/images/I/61lW49NaVpL.jpg,[ナイキ] エスビーアリウープ SBAlleyoop ブラック/ブラック/ホワイト CJ0882-001 28.5cm 日本国内正規品,,fashion_display_on_website,,"6,980",1,"6,980",4,472,12.41%,866,3,2,ファッション,ランニング,Shoes,B08C9GGLM7,CJ0882-001,SHOES,,NIKE(ナイキ),CJ0882-001,ブラック/ブラック/ホワイト,28.5 cm,スニーカー,,,no,no
https://m.media-amazon.com/images/I/81xumu8lRWL.jpg;https://m.media-amazon.com/images/I/816GHmatFjL.jpg;https://m.media-amazon.com/images/I/91aMpVrqNcL.jpg;https://m.media-amazon.com/images/I/81fe9saRrOL.jpg;https://m.media-amazon.com/images/I/81ALbGYPhSL.jpg;https://m.media-amazon.com/images/I/51QgR866DAL.jpg;https://m.media-amazon.com/images/I/51FEVtPKx1L.jpg;https://m.media-amazon.com/images/I/518g65XuTiL.jpg;https://m.media-amazon.com/images/I/31-cmNxmsjL.jpg,[ナイキ] ジョーダン クロスボディバッグ MA0957-023 COLLECTORS CROSSBODY BAG,,fashion_display_on_website,50,"6,600",24,,24,472,15%,990,2,1,ファッション,ボディバッグ・ワンショルダー,アパレル,B0FLS2362M,,HANDBAG,,JORDAN(ジョーダン),MA0957-023,023 ブラック,,ユーティリティー,,,no,no
https://m.media-amazon.com/images/I/718m5wyUH4S.jpg;https://m.media-amazon.com/images/I/61aSzqjK5VS.jpg;https://m.media-amazon.com/images/I/71YxPT5AgoS.jpg;https://m.media-amazon.com/images/I/71ybSYG4P0S.jpg;https://m.media-amazon.com/images/I/71iimfagvuS.jpg;https://m.media-amazon.com/images/I/81zh8l5Y24S.jpg;https://m.media-amazon.com/images/I/81cg7svPSNS.jpg;https://m.media-amazon.com/images/I/61qdsaW+YDS.jpg;https://m.media-amazon.com/images/I/61w6vT-NhsS.jpg,[ナイキ] キャニオン CANYON オフノワール/ブラック/パールホワイト/オレンジチョーク DM6439-045 27.0cm 日本国内正規品,,fashion_display_on_website,,"6,980",3,"6,980",6,472,12.40%,866,4,4,ファッション,スポーツサンダル,Shoes,B097RZCXLM,NIKE DM6439-045,SANDAL,,NIKE(ナイキ),DM6439-045,オフノワール/ブラック/パールホワイト/オレンジチョーク,27.0 cm,スニーカー,,,no,no
https://m.media-amazon.com/images/I/51VxcZJ8b+L.jpg;https://m.media-amazon.com/images/I/51x4a9zLAVL.jpg;https://m.media-amazon.com/images/I/51DqFeX53CL.jpg;https://m.media-amazon.com/images/I/610ctfSi+7L.jpg;https://m.media-amazon.com/images/I/51PcGg7HKcL.jpg;https://m.media-amazon.com/images/I/51hwW5l5+bL.jpg;https://m.media-amazon.com/images/I/71INCvYGEcL.jpg;https://m.media-amazon.com/images/I/71QiujbU7WL.jpg;https://m.media-amazon.com/images/I/51jyR5QQtdL.jpg,[ナイキ] コート ロイヤル COURT ROYALE スニーカー シューズ ブラック/ホワイト 749747-010 日本国内正規品 26.5cm,,fashion_display_on_website,,"6,305",,,3,472,12.40%,782,3,3,ファッション,スニーカー,Shoes,B0CKF2RTLM,NIKE 749747-010,SHOES,,NIKE(ナイキ),749747-010,ブラック/ホワイト,26.5 cm,スニーカー,,,no,no
https://m.media-amazon.com/images/I/517ux4vC09L.jpg;https://m.media-amazon.com/images/I/61Xi2lk+WGL.jpg;https://m.media-amazon.com/images/I/61tAgf5sxoL.jpg;https://m.media-amazon.com/images/I/51JoFjl1YqL.jpg;https://m.media-amazon.com/images/I/51NfAjXztzL.jpg;https://m.media-amazon.com/images/I/517ux4vC09L.jpg;https://m.media-amazon.com/images/I/619FZzwwJhL.jpg,[ナイキ] エア マックス エクシー AIR MAX EXCEE ブラック/グレー/ブルー FZ5486-001 26.5cm,,fashion_display_on_website,,"6,980",1,"6,980",10,472,12.41%,866,2,2,ファッション,スニーカー,Shoes,B0DJJY6LD3,FZ5486-001,SHOES,,NIKE(ナイキ),FZ5486-001,ブラック/グレー/ブルー,26.5 cm,スニーカー,,,no,no
https://m.media-amazon.com/images/I/517ux4vC09L.jpg;https://m.media-amazon.com/images/I/61Xi2lk+WGL.jpg;https://m.media-amazon.com/images/I/61tAgf5sxoL.jpg;https://m.media-amazon.com/images/I/51JoFjl1YqL.jpg;https://m.media-amazon.com/images/I/51NfAjXztzL.jpg;https://m.media-amazon.com/images/I/517ux4vC09L.jpg;https://m.media-amazon.com/images/I/619FZzwwJhL.jpg,[ナイキ] エア マックス エクシー AIR MAX EXCEE ブラック/グレー/ブルー FZ5486-001 26.0cm,,fashion_display_on_website,,"7,200",12,"7,200",16,472,12.40%,893,4,3,ファッション,スニーカー,Shoes,B0DJJWT3DW,FZ5486-001,SHOES,nike,NIKE(ナイキ),FZ5486-001,ブラック/グレー/ブルー,26.0 cm,スニーカー,,,no,no
https://m.media-amazon.com/images/I/513nHVYHn0L.jpg;https://m.media-amazon.com/images/I/51eU6P4TT0L.jpg;https://m.media-amazon.com/images/I/512UjEYpvVL.jpg;https://m.media-amazon.com/images/I/61X8pqUFUCL.jpg;https://m.media-amazon.com/images/I/513nHVYHn0L.jpg;https://m.media-amazon.com/images/I/61OcF+APQ9L.jpg;https://m.media-amazon.com/images/I/61A1LFfJIQL.jpg,[ナイキ] パシフィック W PACIFIC ホワイト/ブラック/ベージュ HM4771-105 23.5cm,,fashion_display_on_website,,"6,421",2,"6,100",21,472,12.39%,796,9,8,ファッション,スニーカー,Shoes,B0F3VZKN7S,HM4771-105,SHOES,nike,NIKE(ナイキ),HM4771-105,ホワイト/ブラック/ベージュ,23.5 cm,スニーカー,,,no,no
https://m.media-amazon.com/images/I/513nHVYHn0L.jpg;https://m.media-amazon.com/images/I/51eU6P4TT0L.jpg;https://m.media-amazon.com/images/I/512UjEYpvVL.jpg;https://m.media-amazon.com/images/I/61X8pqUFUCL.jpg;https://m.media-amazon.com/images/I/513nHVYHn0L.jpg;https://m.media-amazon.com/images/I/61OcF+APQ9L.jpg;https://m.media-amazon.com/images/I/61A1LFfJIQL.jpg,[ナイキ] パシフィック W PACIFIC ホワイト/ブラック/ベージュ HM4771-105 25.0cm,,fashion_display_on_website,,"5,449",8,"5,449",28,472,12.41%,676,8,8,ファッション,ランニング,Shoes,B0F3VXPRMD,HM4771-105,SHOES,nike,NIKE(ナイキ),HM4771-105,ホワイト/ブラック/ベージュ,25.0 cm,スニーカー,,,no,no
https://m.media-amazon.com/images/I/513nHVYHn0L.jpg;https://m.media-amazon.com/images/I/51eU6P4TT0L.jpg;https://m.media-amazon.com/images/I/512UjEYpvVL.jpg;https://m.media-amazon.com/images/I/61X8pqUFUCL.jpg;https://m.media-amazon.com/images/I/513nHVYHn0L.jpg;https://m.media-amazon.com/images/I/61OcF+APQ9L.jpg;https://m.media-amazon.com/images/I/61A1LFfJIQL.jpg,[ナイキ] パシフィック W PACIFIC ホワイト/ブラック/ベージュ HM4771-105 24.5cm,,fashion_display_on_website,,"6,664",1,"6,664",24,430,12.39%,826,9,8,ファッション,スニーカー,Shoes,B0F3VZTQTG,HM4771-105,SHOES,nike,NIKE(ナイキ),HM4771-105,ホワイト/ブラック/ベージュ,24.5 cm,スニーカー,,,no,no
https://m.media-amazon.com/images/I/513nHVYHn0L.jpg;https://m.media-amazon.com/images/I/51eU6P4TT0L.jpg;https://m.media-amazon.com/images/I/512UjEYpvVL.jpg;https://m.media-amazon.com/images/I/61X8pqUFUCL.jpg;https://m.media-amazon.com/images/I/513nHVYHn0L.jpg;https://m.media-amazon.com/images/I/61OcF+APQ9L.jpg;https://m.media-amazon.com/images/I/61A1LFfJIQL.jpg,[ナイキ] パシフィック W PACIFIC ホワイト/ブラック/ベージュ HM4771-105 24.0cm,,fashion_display_on_website,,"6,233",2,"5,921",23,430,12.39%,772,8,8,ファッション,ランニング,Shoes,B0F3VYZDLQ,HM4771-105,SHOES,nike,NIKE(ナイキ),HM4771-105,ホワイト/ブラック/ベージュ,24.0 cm,スニーカー,,,no,no
https://m.media-amazon.com/images/I/514Lww8rzPL.jpg;https://m.media-amazon.com/images/I/71Jutmj3a2L.jpg;https://m.media-amazon.com/images/I/51WNl2ZRtdL.jpg;https://m.media-amazon.com/images/I/51BF2AaZZAL.jpg;https://m.media-amazon.com/images/I/61hUwvZJtnL.jpg;https://m.media-amazon.com/images/I/51hXtUMbjCL.jpg;https://m.media-amazon.com/images/I/61qI-pgAvpL.jpg,[ナイキ] エア マックス エクシー AIR MAX EXCEE サミットホワイト/バストグレー/カレッジグレー/レーサーブルー FZ5486-101 25.0cm,,fashion_display_on_website,,"7,499",,,,472,12.40%,930,2,2,ファッション,ランニング,Shoes,B0DX1M7V23,FZ5486-101,SHOES,nike,NIKE(ナイキ),FZ5486-101,サミットホワイト/バストグレー/カレッジグレー/レーサーブルー,25.0 cm,スニーカー,,,no,no
https://m.media-amazon.com/images/I/514Lww8rzPL.jpg;https://m.media-amazon.com/images/I/71Jutmj3a2L.jpg;https://m.media-amazon.com/images/I/51WNl2ZRtdL.jpg;https://m.media-amazon.com/images/I/51BF2AaZZAL.jpg;https://m.media-amazon.com/images/I/61hUwvZJtnL.jpg;https://m.media-amazon.com/images/I/51hXtUMbjCL.jpg;https://m.media-amazon.com/images/I/61qI-pgAvpL.jpg,[ナイキ] エア マックス エクシー AIR MAX EXCEE サミットホワイト/バストグレー/カレッジグレー/レーサーブルー FZ5486-101 27.0cm,,fashion_display_on_website,,,,"8,148",2,472,11.92%,-,2,2,ファッション,ランニング,Shoes,B0DX1LH4W7,FZ5486-101,SHOES,nike,NIKE(ナイキ),FZ5486-101,サミットホワイト/バストグレー/カレッジグレー/レーサーブルー,27.0 cm,スニーカー,,,no,no
https://m.media-amazon.com/images/I/514Lww8rzPL.jpg;https://m.media-amazon.com/images/I/71Jutmj3a2L.jpg;https://m.media-amazon.com/images/I/51WNl2ZRtdL.jpg;https://m.media-amazon.com/images/I/51BF2AaZZAL.jpg;https://m.media-amazon.com/images/I/61hUwvZJtnL.jpg;https://m.media-amazon.com/images/I/51hXtUMbjCL.jpg;https://m.media-amazon.com/images/I/61qI-pgAvpL.jpg,[ナイキ] エア マックス エクシー AIR MAX EXCEE サミットホワイト/バストグレー/カレッジグレー/レーサーブルー FZ5486-101 25.5cm,,fashion_display_on_website,,"7,980",3,"7,980",4,472,12.04%,961,2,2,ファッション,ランニング,Shoes,B0DX1R1CMF,FZ5486-101,SHOES,nike,NIKE(ナイキ),FZ5486-101,サミットホワイト/バストグレー/カレッジグレー/レーサーブルー,25.5 cm,スニーカー,,,no,no
https://m.media-amazon.com/images/I/51rUhmqFNfL.jpg;https://m.media-amazon.com/images/I/51IVVPAgmwL.jpg;https://m.media-amazon.com/images/I/51fnVuwixtL.jpg;https://m.media-amazon.com/images/I/51nJeRtqFlL.jpg;https://m.media-amazon.com/images/I/51-vweJCXxL.jpg;https://m.media-amazon.com/images/I/619JzQ8L2DL.jpg;https://m.media-amazon.com/images/I/51TW5UOM0rL.jpg;https://m.media-amazon.com/images/I/6165XvNSZ3L.jpg;https://m.media-amazon.com/images/I/61+cp-1kp1L.jpg,[ナイキ] エア マックス アクシス W AIR MAX AXIS ブラック/ホワイト AA2168-002 日本国内正規品 23.5cm,,fashion_display_on_website,,"8,180",1,"8,180",1,472,11.91%,974,4,1,ファッション,ランニング,Shoes,B0BS71XHXX,NIKE AA2168-002,SHOES,,NIKE(ナイキ),AA2168-002,ブラック/ホワイト,23.5 cm,スニーカー,,,no,no
https://m.media-amazon.com/images/I/51rUhmqFNfL.jpg;https://m.media-amazon.com/images/I/51IVVPAgmwL.jpg;https://m.media-amazon.com/images/I/51fnVuwixtL.jpg;https://m.media-amazon.com/images/I/51nJeRtqFlL.jpg;https://m.media-amazon.com/images/I/51-vweJCXxL.jpg;https://m.media-amazon.com/images/I/619JzQ8L2DL.jpg;https://m.media-amazon.com/images/I/51TW5UOM0rL.jpg;https://m.media-amazon.com/images/I/6165XvNSZ3L.jpg;https://m.media-amazon.com/images/I/61+cp-1kp1L.jpg,[ナイキ] エア マックス アクシス W AIR MAX AXIS ブラック/ホワイト AA2168-002 日本国内正規品 24.5cm,,fashion_display_on_website,,"7,480",4,"7,480",8,472,12.41%,928,7,4,ファッション,ランニング,Shoes,B0BS6YQBPG,NIKE AA2168-002,SHOES,,NIKE(ナイキ),AA2168-002,ブラック/ホワイト,24.5 cm,スニーカー,,,no,no
https://m.media-amazon.com/images/I/51rUhmqFNfL.jpg;https://m.media-amazon.com/images/I/51IVVPAgmwL.jpg;https://m.media-amazon.com/images/I/51fnVuwixtL.jpg;https://m.media-amazon.com/images/I/51nJeRtqFlL.jpg;https://m.media-amazon.com/images/I/51-vweJCXxL.jpg;https://m.media-amazon.com/images/I/619JzQ8L2DL.jpg;https://m.media-amazon.com/images/I/51TW5UOM0rL.jpg;https://m.media-amazon.com/images/I/6165XvNSZ3L.jpg;https://m.media-amazon.com/images/I/61+cp-1kp1L.jpg,[ナイキ] エア マックス アクシス W AIR MAX AXIS ブラック/ホワイト AA2168-002 日本国内正規品 25.0cm,,fashion_display_on_website,,"7,980",13,"7,980",19,472,12.04%,961,5,3,ファッション,ランニング,Shoes,B0BS71H7JH,NIKE AA2168-002,SHOES,,NIKE(ナイキ),AA2168-002,ブラック/ホワイト,25.0 cm,スニーカー,,,no,no
https://m.media-amazon.com/images/I/51yHishj49L.jpg;https://m.media-amazon.com/images/I/51sChm70EkL.jpg;https://m.media-amazon.com/images/I/518m95kJe3L.jpg;https://m.media-amazon.com/images/I/61pYTwkKyQL.jpg;https://m.media-amazon.com/images/I/51yHishj49L.jpg;https://m.media-amazon.com/images/I/61eojFIyd3L.jpg;https://m.media-amazon.com/images/I/61YxYlRfW-L.jpg;https://m.media-amazon.com/images/I/71nsEWF6AoL.jpg;https://m.media-amazon.com/images/I/511C5VpQJ-L.jpg,[ナイキ] エア マックス エクシー AIR MAX EXCEE ホワイト/ブラック/グレー FZ5486-104 27.0cm,,fashion_display_on_website,,"9,980",1,,5,472,10.26%,"1,024",9,8,ファッション,ランニング,Shoes,B0FVXD8ZWM,FZ5486-104,SHOES,nike,NIKE(ナイキ),FZ5486-104,ホワイト/ブラック/グレー,27.0 cm,スニーカー,,,no,no
https://m.media-amazon.com/images/I/51yHishj49L.jpg;https://m.media-amazon.com/images/I/51sChm70EkL.jpg;https://m.media-amazon.com/images/I/518m95kJe3L.jpg;https://m.media-amazon.com/images/I/61pYTwkKyQL.jpg;https://m.media-amazon.com/images/I/51yHishj49L.jpg;https://m.media-amazon.com/images/I/61eojFIyd3L.jpg;https://m.media-amazon.com/images/I/61YxYlRfW-L.jpg;https://m.media-amazon.com/images/I/71nsEWF6AoL.jpg;https://m.media-amazon.com/images/I/511C5VpQJ-L.jpg,[ナイキ] エア マックス エクシー AIR MAX EXCEE ホワイト/ブラック/グレー FZ5486-104 27.5cm,,fashion_display_on_website,,"9,980",1,"9,980",7,472,10.16%,"1,014",9,7,ファッション,スニーカー,Shoes,B0FVXCG23M,FZ5486-104,SHOES,nike,NIKE(ナイキ),FZ5486-104,ホワイト/ブラック/グレー,27.5 cm,スニーカー,,,no,no
https://m.media-amazon.com/images/I/51-77J347sL.jpg;https://m.media-amazon.com/images/I/51CDId1Xa6L.jpg;https://m.media-amazon.com/images/I/51eMXbCZUxL.jpg;https://m.media-amazon.com/images/I/512rCzNmbRL.jpg;https://m.media-amazon.com/images/I/61gWHW4buYL.jpg;https://m.media-amazon.com/images/I/51wx-TsWQ3L.jpg;https://m.media-amazon.com/images/I/71ASYyPRcEL.jpg;https://m.media-amazon.com/images/I/61Hz6ZCasFL.jpg;https://m.media-amazon.com/images/I/51XYRpvWf9L.jpg,[ナイキ] ゴー フライイーズ W Go FlyEase ブラック/ホワイト DR5540-002 ナイキジャパン正規品 23.0cm,,fashion_display_on_website,,"5,742",5,"5,742",87,472,12.40%,712,37,32,ファッション,ランニング,Shoes,B0B8V421RQ,DR5540-002,SHOES,,NIKE(ナイキ),DR5540-002,ブラック/ホワイト,23.0 cm,スニーカー,,,no,no
https://m.media-amazon.com/images/I/51-77J347sL.jpg;https://m.media-amazon.com/images/I/51CDId1Xa6L.jpg;https://m.media-amazon.com/images/I/51eMXbCZUxL.jpg;https://m.media-amazon.com/images/I/512rCzNmbRL.jpg;https://m.media-amazon.com/images/I/61gWHW4buYL.jpg;https://m.media-amazon.com/images/I/51wx-TsWQ3L.jpg;https://m.media-amazon.com/images/I/71ASYyPRcEL.jpg;https://m.media-amazon.com/images/I/61Hz6ZCasFL.jpg;https://m.media-amazon.com/images/I/51XYRpvWf9L.jpg,[ナイキ] ゴー フライイーズ W Go FlyEase ブラック/ホワイト DR5540-002 日本国内正規品 22.5cm,,fashion_display_on_website,,"6,700",1,"6,633",7,472,12.40%,831,5,4,ファッション,ランニング,Shoes,B0B8V5W14K,NIKE DR5540-002,SHOES,,NIKE(ナイキ),DR5540-002,ブラック/ホワイト,22.5 cm,スニーカー,,,no,no
https://m.media-amazon.com/images/I/61-az09AgyL.jpg;https://m.media-amazon.com/images/I/51-0sPNXZEL.jpg;https://m.media-amazon.com/images/I/611FCnYG4zL.jpg;https://m.media-amazon.com/images/I/61TuCcYHhkL.jpg;https://m.media-amazon.com/images/I/51g2THbekoL.jpg;https://m.media-amazon.com/images/I/71bJJZ1zu5L.jpg;https://m.media-amazon.com/images/I/61BTekvmGnL.jpg;https://m.media-amazon.com/images/I/61RN-WpPoVL.jpg;https://m.media-amazon.com/images/I/61j-W5wxe6L.jpg,[ナイキ] エア ハイツ W AIR HEIGHTS ホワイト/ブラック/ホワイト CI0603-102 24.0cm,,fashion_display_on_website,,"8,500",3,"8,900",2,472,11.69%,994,2,1,ファッション,ランニング,Shoes,B0FJLT1BGY,CI0603-102,SHOES,nike,NIKE(ナイキ),CI0603-102,ホワイト/ブラック/ホワイト,24.0 cm,スニーカー,,,no,no
https://m.media-amazon.com/images/I/61-az09AgyL.jpg;https://m.media-amazon.com/images/I/51-0sPNXZEL.jpg;https://m.media-amazon.com/images/I/611FCnYG4zL.jpg;https://m.media-amazon.com/images/I/61TuCcYHhkL.jpg;https://m.media-amazon.com/images/I/51g2THbekoL.jpg;https://m.media-amazon.com/images/I/71bJJZ1zu5L.jpg;https://m.media-amazon.com/images/I/61BTekvmGnL.jpg;https://m.media-amazon.com/images/I/61RN-WpPoVL.jpg;https://m.media-amazon.com/images/I/61j-W5wxe6L.jpg,[ナイキ] エア ハイツ W AIR HEIGHTS ホワイト/ブラック/ホワイト CI0603-102 24.5cm,,fashion_display_on_website,,"9,900",2,"9,900",4,472,10.95%,"1,084",3,3,ファッション,スニーカー,Shoes,B0FJLY1C8H,CI0603-102,SHOES,nike,NIKE(ナイキ),CI0603-102,ホワイト/ブラック/ホワイト,24.5 cm,スニーカー,,,no,no
https://m.media-amazon.com/images/I/61-az09AgyL.jpg;https://m.media-amazon.com/images/I/51-0sPNXZEL.jpg;https://m.media-amazon.com/images/I/611FCnYG4zL.jpg;https://m.media-amazon.com/images/I/61TuCcYHhkL.jpg;https://m.media-amazon.com/images/I/51g2THbekoL.jpg;https://m.media-amazon.com/images/I/71bJJZ1zu5L.jpg;https://m.media-amazon.com/images/I/61BTekvmGnL.jpg;https://m.media-amazon.com/images/I/61RN-WpPoVL.jpg;https://m.media-amazon.com/images/I/61j-W5wxe6L.jpg,[ナイキ] エア ハイツ W AIR HEIGHTS ホワイト/ブラック/ホワイト CI0603-102 25.0cm,,fashion_display_on_website,,"8,970",2,"8,970",8,472,11.42%,"1,024",4,3,ファッション,ランニング,Shoes,B0FJLXWZBX,CI0603-102,SHOES,nike,NIKE(ナイキ),CI0603-102,ホワイト/ブラック/ホワイト,25.0 cm,スニーカー,,,no,no
https://m.media-amazon.com/images/I/61-az09AgyL.jpg;https://m.media-amazon.com/images/I/51-0sPNXZEL.jpg;https://m.media-amazon.com/images/I/611FCnYG4zL.jpg;https://m.media-amazon.com/images/I/61TuCcYHhkL.jpg;https://m.media-amazon.com/images/I/51g2THbekoL.jpg;https://m.media-amazon.com/images/I/71bJJZ1zu5L.jpg;https://m.media-amazon.com/images/I/61BTekvmGnL.jpg;https://m.media-amazon.com/images/I/61RN-WpPoVL.jpg;https://m.media-amazon.com/images/I/61j-W5wxe6L.jpg,[ナイキ] エア ハイツ W AIR HEIGHTS ホワイト/ブラック/ホワイト CI0603-102 23.5cm,,fashion_display_on_website,,"7,722",1,"7,722",31,472,12.22%,944,15,13,ファッション,スニーカー,Shoes,B0FJLX3MXT,CI0603-102,SHOES,nike,NIKE(ナイキ),CI0603-102,ホワイト/ブラック/ホワイト,23.5 cm,スニーカー,,,no,no
https://m.media-amazon.com/images/I/61-az09AgyL.jpg;https://m.media-amazon.com/images/I/51-0sPNXZEL.jpg;https://m.media-amazon.com/images/I/611FCnYG4zL.jpg;https://m.media-amazon.com/images/I/61TuCcYHhkL.jpg;https://m.media-amazon.com/images/I/51g2THbekoL.jpg;https://m.media-amazon.com/images/I/71bJJZ1zu5L.jpg;https://m.media-amazon.com/images/I/61BTekvmGnL.jpg;https://m.media-amazon.com/images/I/61RN-WpPoVL.jpg;https://m.media-amazon.com/images/I/61j-W5wxe6L.jpg,[ナイキ] エア ハイツ W AIR HEIGHTS ホワイト/ブラック/ホワイト CI0603-102 23.0cm,,fashion_display_on_website,,"8,586",3,"8,500",13,472,11.69%,"1,004",7,5,ファッション,スニーカー,Shoes,B0FJLYCNGB,CI0603-102,SHOES,nike,NIKE(ナイキ),CI0603-102,ホワイト/ブラック/ホワイト,23.0 cm,スニーカー,,,no,no
https://m.media-amazon.com/images/I/81MCMINvVXL.jpg;https://m.media-amazon.com/images/I/8145G5r0nAL.jpg;https://m.media-amazon.com/images/I/81w7jLo3LBL.jpg;https://m.media-amazon.com/images/I/819TBrLmLpL.jpg;https://m.media-amazon.com/images/I/81cn0fTjLeL.jpg;https://m.media-amazon.com/images/I/81-FiNSJsdL.jpg;https://m.media-amazon.com/images/I/71zxLMtt3kL.jpg;https://m.media-amazon.com/images/I/61Ko6J2ZaFL.jpg,NIKE (ナイキ) ブラジリア M ダッフルバッグ 9.5 カモ AOP 国内正規品,,fashion_display_on_website,,"5,596",14,"5,596",28,781,12.40%,694,4,4,ファッション,スポーツダッフルバッグ,Luggage,B0DCFTLQCV,FZ2585-386,DUFFEL_BAG,NIKE（ナイキ）,NIKE(ナイキ),FZ2585-386,ブラック,L,クラシック,1,,no,no
https://m.media-amazon.com/images/I/51OFiJNzrhL.jpg;https://m.media-amazon.com/images/I/71zfRtte5RL.jpg;https://m.media-amazon.com/images/I/51uAid-BLML.jpg;https://m.media-amazon.com/images/I/51HLbTF4xEL.jpg;https://m.media-amazon.com/images/I/61k57-1IjxL.jpg;https://m.media-amazon.com/images/I/51OFiJNzrhL.jpg;https://m.media-amazon.com/images/I/61-QcCKjn7L.jpg;https://m.media-amazon.com/images/I/612Dv-gaN5L.jpg;https://m.media-amazon.com/images/I/51HlzT4jnoL.jpg,[ナイキ] エア マックス エクシー AIR MAX EXCEE ホワイト/ブラック/ブルー FQ8738-010 スニーカー シューズ 日本国内正規品 25.5cm,,fashion_display_on_website,,"7,252",4,"7,252",27,472,12.40%,899,11,11,ファッション,ランニング,Shoes,B0CQM7HLGR,NIKE FQ8738-010,SHOES,,NIKE(ナイキ),FQ8738-010,ホワイト/ブラック/ブルー,25.5 cm,スニーカー,,,no,no
https://m.media-amazon.com/images/I/51OFiJNzrhL.jpg;https://m.media-amazon.com/images/I/71zfRtte5RL.jpg;https://m.media-amazon.com/images/I/51uAid-BLML.jpg;https://m.media-amazon.com/images/I/51HLbTF4xEL.jpg;https://m.media-amazon.com/images/I/61k57-1IjxL.jpg;https://m.media-amazon.com/images/I/51OFiJNzrhL.jpg;https://m.media-amazon.com/images/I/61-QcCKjn7L.jpg;https://m.media-amazon.com/images/I/612Dv-gaN5L.jpg;https://m.media-amazon.com/images/I/51HlzT4jnoL.jpg,[ナイキ] エア マックス エクシー AIR MAX EXCEE ホワイト/ブラック/ブルー FQ8738-010 スニーカー シューズ 日本国内正規品 25.0cm,,fashion_display_on_website,,"7,238",2,"7,238",23,472,12.40%,898,10,10,ファッション,ランニング,Shoes,B0CQM7ZKLW,NIKE FQ8738-010,SHOES,,NIKE(ナイキ),FQ8738-010,ホワイト/ブラック/ブルー,25.0 cm,スニーカー,,,no,no
https://m.media-amazon.com/images/I/51OFiJNzrhL.jpg;https://m.media-amazon.com/images/I/71zfRtte5RL.jpg;https://m.media-amazon.com/images/I/51uAid-BLML.jpg;https://m.media-amazon.com/images/I/51HLbTF4xEL.jpg;https://m.media-amazon.com/images/I/61k57-1IjxL.jpg;https://m.media-amazon.com/images/I/51OFiJNzrhL.jpg;https://m.media-amazon.com/images/I/61-QcCKjn7L.jpg;https://m.media-amazon.com/images/I/612Dv-gaN5L.jpg;https://m.media-amazon.com/images/I/51HlzT4jnoL.jpg,[ナイキ] エア マックス エクシー AIR MAX EXCEE ホワイト/ブラック/ブルー FQ8738-010 スニーカー シューズ 日本国内正規品 27.5cm,,fashion_display_on_website,,,,"8,699",5,472,11.58%,-,3,2,ファッション,ランニング,Shoes,B0CQM6KF5G,NIKE FQ8738-010,SHOES,nike,NIKE(ナイキ),FQ8738-010,ホワイト/ブラック/ブルー,27.5 cm,スニーカー,,,no,no
https://m.media-amazon.com/images/I/51OFiJNzrhL.jpg;https://m.media-amazon.com/images/I/71zfRtte5RL.jpg;https://m.media-amazon.com/images/I/51uAid-BLML.jpg;https://m.media-amazon.com/images/I/51HLbTF4xEL.jpg;https://m.media-amazon.com/images/I/61k57-1IjxL.jpg;https://m.media-amazon.com/images/I/51OFiJNzrhL.jpg;https://m.media-amazon.com/images/I/61-QcCKjn7L.jpg;https://m.media-amazon.com/images/I/612Dv-gaN5L.jpg;https://m.media-amazon.com/images/I/51HlzT4jnoL.jpg,[ナイキ] エア マックス エクシー AIR MAX EXCEE ホワイト/ブラック/ブルー FQ8738-010 スニーカー シューズ 日本国内正規品 26.0cm,,fashion_display_on_website,,"8,019",2,"8,080",13,472,11.59%,929,7,6,ファッション,ランニング,Shoes,B0CQM5DQ46,NIKE FQ8738-010,SHOES,nike,NIKE(ナイキ),FQ8738-010,ホワイト/ブラック/ブルー,26.0 cm,スニーカー,,,no,no
https://m.media-amazon.com/images/I/614oMSjDThL.jpg;https://m.media-amazon.com/images/I/61oAb5Z+7YL.jpg;https://m.media-amazon.com/images/I/51e+fDliueL.jpg;https://m.media-amazon.com/images/I/61YbKetrmkL.jpg;https://m.media-amazon.com/images/I/614oMSjDThL.jpg;https://m.media-amazon.com/images/I/61LlDIDmswL.jpg;https://m.media-amazon.com/images/I/61sb3O30nlL.jpg;https://m.media-amazon.com/images/I/717bouTBfwL.jpg;https://m.media-amazon.com/images/I/51JCjcRwinL.jpg,[ナイキ] スター ランナー 5 GS [J STAR RUNNER 5 GS] ブラック/ホワイト HF7004-002 23.5 cm,,fashion_display_on_website,,"5,253",2,"5,200",27,472,12.39%,651,11,10,ファッション,メンズ,Shoes,B0FLPYWZRX,NIKE HF7004-002,SHOES,nike,NIKE(ナイキ),HF7004-002,ブラック/ホワイト,23.5 cm,スニーカー,,,no,no
https://m.media-amazon.com/images/I/614oMSjDThL.jpg;https://m.media-amazon.com/images/I/61oAb5Z+7YL.jpg;https://m.media-amazon.com/images/I/51e+fDliueL.jpg;https://m.media-amazon.com/images/I/61YbKetrmkL.jpg;https://m.media-amazon.com/images/I/614oMSjDThL.jpg;https://m.media-amazon.com/images/I/61LlDIDmswL.jpg;https://m.media-amazon.com/images/I/61sb3O30nlL.jpg;https://m.media-amazon.com/images/I/717bouTBfwL.jpg;https://m.media-amazon.com/images/I/51JCjcRwinL.jpg,[ナイキ] スター ランナー 5 GS [J STAR RUNNER 5 GS] ブラック/ホワイト HF7004-002 24.5 cm,,fashion_display_on_website,,"5,195",1,"5,192",15,472,12.40%,644,11,10,ファッション,ランニング,Shoes,B0FLPZH3MG,NIKE HF7004-002,SHOES,nike,NIKE(ナイキ),HF7004-002,ブラック/ホワイト,24.5 cm,スニーカー,,,no,no
https://m.media-amazon.com/images/I/614oMSjDThL.jpg;https://m.media-amazon.com/images/I/61oAb5Z+7YL.jpg;https://m.media-amazon.com/images/I/51e+fDliueL.jpg;https://m.media-amazon.com/images/I/61YbKetrmkL.jpg;https://m.media-amazon.com/images/I/614oMSjDThL.jpg;https://m.media-amazon.com/images/I/61LlDIDmswL.jpg;https://m.media-amazon.com/images/I/61sb3O30nlL.jpg;https://m.media-amazon.com/images/I/717bouTBfwL.jpg;https://m.media-amazon.com/images/I/51JCjcRwinL.jpg,[ナイキ] スター ランナー 5 GS [J STAR RUNNER 5 GS] ブラック/ホワイト HF7004-002 24.0 cm,,fashion_display_on_website,,"5,350",3,"5,350",25,472,12.40%,663,11,10,ファッション,ランニング,Shoes,B0FLPD4K5Z,NIKE HF7004-002,SHOES,nike,NIKE(ナイキ),HF7004-002,ブラック/ホワイト,24.0 cm,スニーカー,,,no,no
https://m.media-amazon.com/images/I/614oMSjDThL.jpg;https://m.media-amazon.com/images/I/61oAb5Z+7YL.jpg;https://m.media-amazon.com/images/I/51e+fDliueL.jpg;https://m.media-amazon.com/images/I/61YbKetrmkL.jpg;https://m.media-amazon.com/images/I/614oMSjDThL.jpg;https://m.media-amazon.com/images/I/61LlDIDmswL.jpg;https://m.media-amazon.com/images/I/61sb3O30nlL.jpg;https://m.media-amazon.com/images/I/717bouTBfwL.jpg;https://m.media-amazon.com/images/I/51JCjcRwinL.jpg,[ナイキ] スター ランナー 5 GS [J STAR RUNNER 5 GS] ブラック/ホワイト HF7004-002 23.0 cm,,fashion_display_on_website,,"4,693",2,"4,693",27,472,12.40%,582,12,11,ファッション,ランニング,Shoes,B0FLQ2YXM4,NIKE HF7004-002,SHOES,nike,NIKE(ナイキ),HF7004-002,ブラック/ホワイト,23.0 cm,スニーカー,,,no,no
https://m.media-amazon.com/images/I/614oMSjDThL.jpg;https://m.media-amazon.com/images/I/61oAb5Z+7YL.jpg;https://m.media-amazon.com/images/I/51e+fDliueL.jpg;https://m.media-amazon.com/images/I/61YbKetrmkL.jpg;https://m.media-amazon.com/images/I/614oMSjDThL.jpg;https://m.media-amazon.com/images/I/61LlDIDmswL.jpg;https://m.media-amazon.com/images/I/61sb3O30nlL.jpg;https://m.media-amazon.com/images/I/717bouTBfwL.jpg;https://m.media-amazon.com/images/I/51JCjcRwinL.jpg,[ナイキ] スター ランナー 5 GS [J STAR RUNNER 5 GS] ブラック/ホワイト HF7004-002 25.0 cm,,fashion_display_on_website,,"5,449",1,"5,449",6,472,12.41%,676,6,5,ファッション,ランニング,Shoes,B0FLPLP894,NIKE HF7004-002,SHOES,nike,NIKE(ナイキ),HF7004-002,ブラック/ホワイト,25.0 cm,スニーカー,,,no,no
https://m.media-amazon.com/images/I/61sr678T2zL.jpg;https://m.media-amazon.com/images/I/61hgN+yS83L.jpg;https://m.media-amazon.com/images/I/51fm-AAVBvL.jpg;https://m.media-amazon.com/images/I/61gFk04BonL.jpg;https://m.media-amazon.com/images/I/61vTzm7DvpL.jpg;https://m.media-amazon.com/images/I/61XEnUSra4L.jpg;https://m.media-amazon.com/images/I/71MSbvFTcyL.jpg,[ナイキ] コート ビジョン ロー COURT VISION LO ブラック/ホワイト HM9862-001 27.0cm,,fashion_display_on_website,,"9,385",1,"9,385",2,472,11.20%,"1,051",7,2,ファッション,スニーカー,Shoes,B0DNJVTSWQ,HM9862-001,SHOES,,NIKE(ナイキ),HM9862-001,ブラック/ホワイト,27.0 cm,スニーカー,,,no,no
https://m.media-amazon.com/images/I/61Wu85JqTdL.jpg;https://m.media-amazon.com/images/I/51bS7bNrVNL.jpg;https://m.media-amazon.com/images/I/51MAblrpckL.jpg;https://m.media-amazon.com/images/I/612bbEdm79L.jpg;https://m.media-amazon.com/images/I/51gQ59Nx+uL.jpg;https://m.media-amazon.com/images/I/61BJGGtXXKL.jpg;https://m.media-amazon.com/images/I/81ibXVyXypL.jpg,[ナイキ] フレックス コントロール 4 FLEX CONTROL 4 ブラック/ダークスモークグレー/スモークグレー/ホワイト CD0197-002 26.5cm,,fashion_display_on_website,,"7,900",,,8,472,12.04%,951,6,6,ファッション,スニーカー,Shoes,B0DH8BP6NY,CD0197-002,SHOES,,NIKE(ナイキ),CD0197-002,ブラック/ダークスモークグレー/スモークグレー/ホワイト,26.5 cm,スニーカー,,,no,no
https://m.media-amazon.com/images/I/61Wu85JqTdL.jpg;https://m.media-amazon.com/images/I/51bS7bNrVNL.jpg;https://m.media-amazon.com/images/I/51MAblrpckL.jpg;https://m.media-amazon.com/images/I/612bbEdm79L.jpg;https://m.media-amazon.com/images/I/51gQ59Nx+uL.jpg;https://m.media-amazon.com/images/I/61BJGGtXXKL.jpg;https://m.media-amazon.com/images/I/81ibXVyXypL.jpg,[ナイキ] フレックス コントロール 4 FLEX CONTROL 4 ブラック/ダークスモークグレー/スモークグレー/ホワイト CD0197-002 26.0cm,,fashion_display_on_website,,"7,480",3,,9,472,12.41%,928,4,3,ファッション,スニーカー,Shoes,B0DH87V367,CD0197-002,SHOES,nike,NIKE(ナイキ),CD0197-002,ブラック/ダークスモークグレー/スモークグレー/ホワイト,26.0 cm,スニーカー,,,no,no
https://m.media-amazon.com/images/I/61Wu85JqTdL.jpg;https://m.media-amazon.com/images/I/51bS7bNrVNL.jpg;https://m.media-amazon.com/images/I/51MAblrpckL.jpg;https://m.media-amazon.com/images/I/612bbEdm79L.jpg;https://m.media-amazon.com/images/I/51gQ59Nx+uL.jpg;https://m.media-amazon.com/images/I/61BJGGtXXKL.jpg;https://m.media-amazon.com/images/I/81ibXVyXypL.jpg,[ナイキ] フレックス コントロール 4 FLEX CONTROL 4 ブラック/ダークスモークグレー/スモークグレー/ホワイト CD0197-002 27.0cm,,fashion_display_on_website,,"9,108",1,"9,108",4,472,11.29%,"1,028",3,2,ファッション,ランニング,Shoes,B0DH8C4ZFT,CD0197-002,SHOES,nike,NIKE(ナイキ),CD0197-002,ブラック/ダークスモークグレー/スモークグレー/ホワイト,27.0 cm,スニーカー,,,no,no
https://m.media-amazon.com/images/I/61Wu85JqTdL.jpg;https://m.media-amazon.com/images/I/51bS7bNrVNL.jpg;https://m.media-amazon.com/images/I/51MAblrpckL.jpg;https://m.media-amazon.com/images/I/612bbEdm79L.jpg;https://m.media-amazon.com/images/I/51gQ59Nx+uL.jpg;https://m.media-amazon.com/images/I/61BJGGtXXKL.jpg;https://m.media-amazon.com/images/I/81ibXVyXypL.jpg,[ナイキ] フレックス コントロール 4 FLEX CONTROL 4 ブラック/ダークスモークグレー/スモークグレー/ホワイト CD0197-002 27.5cm,,fashion_display_on_website,,"9,020",1,,1,472,11.34%,"1,023",3,2,ファッション,スニーカー,Shoes,B0DH8BC9N6,CD0197-002,SHOES,nike,NIKE(ナイキ),CD0197-002,ブラック/ダークスモークグレー/スモークグレー/ホワイト,27.5 cm,スニーカー,,,no,no
https://m.media-amazon.com/images/I/61vl2masfeL.jpg;https://m.media-amazon.com/images/I/61itl0e0u7L.jpg;https://m.media-amazon.com/images/I/71upjBd5zlL.jpg;https://m.media-amazon.com/images/I/61vl2masfeL.jpg;https://m.media-amazon.com/images/I/61nBCc-dcGL.jpg;https://m.media-amazon.com/images/I/61e6ENC68aL.jpg;https://m.media-amazon.com/images/I/61ZZTtGO8PL.jpg;https://m.media-amazon.com/images/I/61-nlUOSMHL.jpg;https://m.media-amazon.com/images/I/61XSaFOBrdL.jpg,NIKE(ナイキ) エア マックス エクシー W AIRMAX EXCEE ブラック/ホワイト CD5432-003 24.5cm ナイキジャパン正規品,,fashion_display_on_website,,"7,690",4,"7,690",4,472,12.25%,942,4,1,ファッション,ランニング,Shoes,B08CD1Q3R5,NIKE CD5432-003,SHOES,,NIKE(ナイキ),CD5432-003,ブラック/ダークグレー/ホワイト,24.5 cm,スニーカー,,,no,no
https://m.media-amazon.com/images/I/61o0S2EdWwL.jpg;https://m.media-amazon.com/images/I/713vm79GWUL.jpg;https://m.media-amazon.com/images/I/61wv4H21AeL.jpg;https://m.media-amazon.com/images/I/61DbBrigNTL.jpg;https://m.media-amazon.com/images/I/71bNfBu--vL.jpg;https://m.media-amazon.com/images/I/61OB4AD+bOL.jpg;https://m.media-amazon.com/images/I/61u4PT8lJ9L.jpg,[ナイキ] コスミック ランナー GS J COSMIC RUNNER GS ブラック/アンスラサイト HM4402-001 24.5cm,,fashion_display_on_website,,"4,628",2,"4,628",21,472,12.40%,574,11,10,ファッション,スニーカー,Shoes,B0DWJLWW9C,HM4402-001,SHOES,nike,NIKE(ナイキ),HM4402-001,ブラック/アンスラサイト,24.5 cm,スニーカー,,,no,no
https://m.media-amazon.com/images/I/61itmOsNtGL.jpg;https://m.media-amazon.com/images/I/412xbM5+a5L.jpg;https://m.media-amazon.com/images/I/41va5QflDdL.jpg;https://m.media-amazon.com/images/I/51DRJVp2kYL.jpg;https://m.media-amazon.com/images/I/51tZZfOyBAL.jpg;https://m.media-amazon.com/images/I/51DzXst5EVL.jpg;https://m.media-amazon.com/images/I/51opgIkMIVL.jpg,[ナイキ] マノアドーム MANOADOME ブラック/ブラック/ブラック 844358-003 26.5cm,,fashion_display_on_website,,"8,900",1,"8,900",11,532,11.46%,"1,020",8,5,ファッション,スニーカー,Shoes,B0DJJSZTZY,844358-003,BOOT,nike,NIKE(ナイキ),844358-003,ブラック/ブラック/ブラック,26.5 cm,スニーカー,,,no,no
https://m.media-amazon.com/images/I/61itmOsNtGL.jpg;https://m.media-amazon.com/images/I/412xbM5+a5L.jpg;https://m.media-amazon.com/images/I/41va5QflDdL.jpg;https://m.media-amazon.com/images/I/51DRJVp2kYL.jpg;https://m.media-amazon.com/images/I/51tZZfOyBAL.jpg;https://m.media-amazon.com/images/I/51DzXst5EVL.jpg;https://m.media-amazon.com/images/I/51opgIkMIVL.jpg,[ナイキ] マノアドーム MANOADOME ブラック/ブラック/ブラック 844358-003 25.5cm,,fashion_display_on_website,,"7,980",6,"10,480",5,472,12.04%,961,3,2,ファッション,スニーカー,Shoes,B0DJJTBK8Q,844358-003,BOOT,,NIKE(ナイキ),844358-003,ブラック/ブラック/ブラック,25.5 cm,スニーカー,,,no,no
https://m.media-amazon.com/images/I/61itmOsNtGL.jpg;https://m.media-amazon.com/images/I/412xbM5+a5L.jpg;https://m.media-amazon.com/images/I/41va5QflDdL.jpg;https://m.media-amazon.com/images/I/51DRJVp2kYL.jpg;https://m.media-amazon.com/images/I/51tZZfOyBAL.jpg;https://m.media-amazon.com/images/I/51DzXst5EVL.jpg;https://m.media-amazon.com/images/I/51opgIkMIVL.jpg,[ナイキ] マノアドーム MANOADOME ブラック/ブラック/ブラック 844358-003 26.0cm,,fashion_display_on_website,,"7,980",5,"7,980",13,472,12.04%,961,5,4,ファッション,ハイキング・トレッキングシューズ,Shoes,B0DJJSZBKH,844358-003,BOOT,nike,NIKE(ナイキ),844358-003,ブラック/ブラック/ブラック,26.0 cm,スニーカー,,,no,no
https://m.media-amazon.com/images/I/61itmOsNtGL.jpg;https://m.media-amazon.com/images/I/412xbM5+a5L.jpg;https://m.media-amazon.com/images/I/41va5QflDdL.jpg;https://m.media-amazon.com/images/I/51DRJVp2kYL.jpg;https://m.media-amazon.com/images/I/51tZZfOyBAL.jpg;https://m.media-amazon.com/images/I/51DzXst5EVL.jpg;https://m.media-amazon.com/images/I/51opgIkMIVL.jpg,[ナイキ] マノアドーム MANOADOME ブラック/ブラック/ブラック 844358-003 27.0cm,,fashion_display_on_website,,"8,900",11,"10,380",5,472,11.46%,"1,020",4,2,ファッション,ランニング,Shoes,B0DJJTL791,844358-003,BOOT,nike,NIKE(ナイキ),844358-003,ブラック/ブラック/ブラック,27.0 cm,スニーカー,,,no,no
https://m.media-amazon.com/images/I/61GRl1aGhjL.jpg;https://m.media-amazon.com/images/I/71INpbrRA2L.jpg;https://m.media-amazon.com/images/I/51H1tfc4x-L.jpg;https://m.media-amazon.com/images/I/51lf+BCLifL.jpg;https://m.media-amazon.com/images/I/61uxENey3AL.jpg;https://m.media-amazon.com/images/I/61rzKDEEvaL.jpg;https://m.media-amazon.com/images/I/61s4okDRdoL.jpg;https://m.media-amazon.com/images/I/61Imd3OSPLL.jpg;https://m.media-amazon.com/images/I/51vNHFdVIfL.jpg,[ナイキ] コート ビジョン ミッド ウィンター COURT VISION MID WNTR ファントム/ブラック DR7882-004 26.5cm,,fashion_display_on_website,,"8,380",,,,472,11.77%,986,2,2,ファッション,スニーカー,Shoes,B0G2JY51KJ,DR7882-004,SHOES,nike,NIKE(ナイキ),DR7882-004,ファントム/ブラック,26.5 cm,スニーカー,,,no,no
https://m.media-amazon.com/images/I/61GRl1aGhjL.jpg;https://m.media-amazon.com/images/I/71INpbrRA2L.jpg;https://m.media-amazon.com/images/I/51H1tfc4x-L.jpg;https://m.media-amazon.com/images/I/51lf+BCLifL.jpg;https://m.media-amazon.com/images/I/61uxENey3AL.jpg;https://m.media-amazon.com/images/I/61rzKDEEvaL.jpg;https://m.media-amazon.com/images/I/61s4okDRdoL.jpg;https://m.media-amazon.com/images/I/61Imd3OSPLL.jpg;https://m.media-amazon.com/images/I/51vNHFdVIfL.jpg,[ナイキ] コート ビジョン ミッド ウィンター COURT VISION MID WNTR ファントム/ブラック DR7882-004 26.0cm,,fashion_display_on_website,,"8,000",2,"8,000",6,472,12.03%,962,3,2,ファッション,スニーカー,Shoes,B0G2K1KWKY,DR7882-004,SHOES,nike,NIKE(ナイキ),DR7882-004,ファントム/ブラック,26.0 cm,スニーカー,,,no,no
https://m.media-amazon.com/images/I/51xpQ-hSzKL.jpg;https://m.media-amazon.com/images/I/71lIUZ5j4-L.jpg;https://m.media-amazon.com/images/I/51RYL9tjXJL.jpg;https://m.media-amazon.com/images/I/61g8jLmSgRL.jpg;https://m.media-amazon.com/images/I/51D-nXV1JzL.jpg;https://m.media-amazon.com/images/I/51dAkZ7ijTL.jpg;https://m.media-amazon.com/images/I/51yCdMNSHJL.jpg;https://m.media-amazon.com/images/I/61mKVljducL.jpg;https://m.media-amazon.com/images/I/61hYjlVMjWL.jpg,[ナイキ] エア マックス インターロック ライト W AIR MAX INTRLK LITE ブラック/ホワイト DX3705-001 ナイキジャパン正規品 23.0cm,,fashion_display_on_website,,,,"7,473",5,472,12.40%,-,3,2,ファッション,ランニング,Shoes,B0BTH647HG,DX3705-001,SHOES,,NIKE(ナイキ),DX3705-001,ブラック/ホワイト,23.0 cm,スニーカー,,,no,no
https://m.media-amazon.com/images/I/51xpQ-hSzKL.jpg;https://m.media-amazon.com/images/I/71lIUZ5j4-L.jpg;https://m.media-amazon.com/images/I/51RYL9tjXJL.jpg;https://m.media-amazon.com/images/I/61g8jLmSgRL.jpg;https://m.media-amazon.com/images/I/51D-nXV1JzL.jpg;https://m.media-amazon.com/images/I/51dAkZ7ijTL.jpg;https://m.media-amazon.com/images/I/51yCdMNSHJL.jpg;https://m.media-amazon.com/images/I/61mKVljducL.jpg;https://m.media-amazon.com/images/I/61hYjlVMjWL.jpg,[ナイキ] エア マックス インターロック ライト W AIR MAX INTRLK LITE ブラック/ホワイト DX3705-001 日本国内正規品 26.0cm,,fashion_display_on_website,,,,,6,472,12.40%,-,6,3,ファッション,ランニング,Shoes,B0BTH87PPG,NIKE DX3705-001,SHOES,,NIKE(ナイキ),DX3705-001,ブラック/ホワイト,26.0 cm,スニーカー,,,no,no
https://m.media-amazon.com/images/I/51e8hFs4IQL.jpg;https://m.media-amazon.com/images/I/51qdr+70xuL.jpg;https://m.media-amazon.com/images/I/51dt7DXPzNL.jpg;https://m.media-amazon.com/images/I/61t3I9mb7uL.jpg;https://m.media-amazon.com/images/I/51d+6kP5l0L.jpg;https://m.media-amazon.com/images/I/51jEhp5UmtL.jpg;https://m.media-amazon.com/images/I/6162CKjEGwL.jpg;https://m.media-amazon.com/images/I/71QqlRMk5EL.jpg;https://m.media-amazon.com/images/I/513Ctq0+sXL.jpg,[ナイキ] ビッグ ロー BIG LOW ホワイト/グレー 355152-106 26.5cm,,fashion_display_on_website,,,,"7,718",42,472,12.04%,-,20,19,ファッション,スニーカー,Shoes,B0DK1B8S1S,355152-106,BOOT,nike,NIKE(ナイキ),355152-106,ホワイト/グレー,26.5 cm,スニーカー,,,no,no
https://m.media-amazon.com/images/I/51e8hFs4IQL.jpg;https://m.media-amazon.com/images/I/51qdr+70xuL.jpg;https://m.media-amazon.com/images/I/51dt7DXPzNL.jpg;https://m.media-amazon.com/images/I/61t3I9mb7uL.jpg;https://m.media-amazon.com/images/I/51d+6kP5l0L.jpg;https://m.media-amazon.com/images/I/51jEhp5UmtL.jpg;https://m.media-amazon.com/images/I/6162CKjEGwL.jpg;https://m.media-amazon.com/images/I/71QqlRMk5EL.jpg;https://m.media-amazon.com/images/I/513Ctq0+sXL.jpg,[ナイキ] ビッグ ロー BIG LOW ホワイト/グレー 355152-106 28.0cm,,fashion_display_on_website,,"8,980",3,"8,980",28,472,11.41%,"1,025",14,12,ファッション,スニーカー,Shoes,B0DK1FKLNR,355152-106,BOOT,nike,NIKE(ナイキ),355152-106,ホワイト/グレー,28.0 cm,スニーカー,,,no,no
https://m.media-amazon.com/images/I/51e8hFs4IQL.jpg;https://m.media-amazon.com/images/I/51qdr+70xuL.jpg;https://m.media-amazon.com/images/I/51dt7DXPzNL.jpg;https://m.media-amazon.com/images/I/61t3I9mb7uL.jpg;https://m.media-amazon.com/images/I/51d+6kP5l0L.jpg;https://m.media-amazon.com/images/I/51jEhp5UmtL.jpg;https://m.media-amazon.com/images/I/6162CKjEGwL.jpg;https://m.media-amazon.com/images/I/71QqlRMk5EL.jpg;https://m.media-amazon.com/images/I/513Ctq0+sXL.jpg,[ナイキ] ビッグ ロー BIG LOW ホワイト/グレー 355152-106 25.0cm,,fashion_display_on_website,,"9,778",2,"9,778",23,472,11%,"1,076",12,11,ファッション,スニーカー,Shoes,B0DK1DMYWZ,355152-106,BOOT,nike,NIKE(ナイキ),355152-106,ホワイト/グレー,25.0 cm,スニーカー,,,no,no
https://m.media-amazon.com/images/I/51e8hFs4IQL.jpg;https://m.media-amazon.com/images/I/51qdr+70xuL.jpg;https://m.media-amazon.com/images/I/51dt7DXPzNL.jpg;https://m.media-amazon.com/images/I/61t3I9mb7uL.jpg;https://m.media-amazon.com/images/I/51d+6kP5l0L.jpg;https://m.media-amazon.com/images/I/51jEhp5UmtL.jpg;https://m.media-amazon.com/images/I/6162CKjEGwL.jpg;https://m.media-amazon.com/images/I/71QqlRMk5EL.jpg;https://m.media-amazon.com/images/I/513Ctq0+sXL.jpg,[ナイキ] ビッグ ロー BIG LOW ホワイト/グレー 355152-106 27.0cm,,fashion_display_on_website,,"7,818",4,"7,818",45,472,12.16%,951,21,20,ファッション,スニーカー,Shoes,B0DK1D39YZ,355152-106,BOOT,,NIKE(ナイキ),355152-106,ホワイト/グレー,27.0 cm,スニーカー,,,no,no
https://m.media-amazon.com/images/I/51e8hFs4IQL.jpg;https://m.media-amazon.com/images/I/51qdr+70xuL.jpg;https://m.media-amazon.com/images/I/51dt7DXPzNL.jpg;https://m.media-amazon.com/images/I/61t3I9mb7uL.jpg;https://m.media-amazon.com/images/I/51d+6kP5l0L.jpg;https://m.media-amazon.com/images/I/51jEhp5UmtL.jpg;https://m.media-amazon.com/images/I/6162CKjEGwL.jpg;https://m.media-amazon.com/images/I/71QqlRMk5EL.jpg;https://m.media-amazon.com/images/I/513Ctq0+sXL.jpg,[ナイキ] ビッグ ロー BIG LOW ホワイト/グレー 355152-106 26.0cm,,fashion_display_on_website,,"7,821",1,"7,821",19,472,12.10%,946,11,10,ファッション,スニーカー,Shoes,B0DK1DVZRS,355152-106,BOOT,nike,NIKE(ナイキ),355152-106,ホワイト/グレー,26.0 cm,スニーカー,,,no,no
https://m.media-amazon.com/images/I/51e8hFs4IQL.jpg;https://m.media-amazon.com/images/I/51qdr+70xuL.jpg;https://m.media-amazon.com/images/I/51dt7DXPzNL.jpg;https://m.media-amazon.com/images/I/61t3I9mb7uL.jpg;https://m.media-amazon.com/images/I/51d+6kP5l0L.jpg;https://m.media-amazon.com/images/I/51jEhp5UmtL.jpg;https://m.media-amazon.com/images/I/6162CKjEGwL.jpg;https://m.media-amazon.com/images/I/71QqlRMk5EL.jpg;https://m.media-amazon.com/images/I/513Ctq0+sXL.jpg,[ナイキ] ビッグ ロー BIG LOW ホワイト/グレー 355152-106 25.5cm,,fashion_display_on_website,,"7,778",2,"7,778",34,472,8%,622,17,15,ファッション,バスケットボール,Shoes,B0DK1DKM31,355152-106,BOOT,nike,NIKE(ナイキ),355152-106,ホワイト/グレー,25.5 cm,スニーカー,,,no,no
https://m.media-amazon.com/images/I/51e8hFs4IQL.jpg;https://m.media-amazon.com/images/I/51qdr+70xuL.jpg;https://m.media-amazon.com/images/I/51dt7DXPzNL.jpg;https://m.media-amazon.com/images/I/61t3I9mb7uL.jpg;https://m.media-amazon.com/images/I/51d+6kP5l0L.jpg;https://m.media-amazon.com/images/I/51jEhp5UmtL.jpg;https://m.media-amazon.com/images/I/6162CKjEGwL.jpg;https://m.media-amazon.com/images/I/71QqlRMk5EL.jpg;https://m.media-amazon.com/images/I/513Ctq0+sXL.jpg,[ナイキ] ビッグ ロー BIG LOW ホワイト/グレー 355152-106 27.5cm,,fashion_display_on_website,,,,"7,650",34,472,12.29%,-,18,17,ファッション,スニーカー,Shoes,B0DK1CZR7N,355152-106,BOOT,nike,NIKE(ナイキ),355152-106,ホワイト/グレー,27.5 cm,スニーカー,,,no,no
https://m.media-amazon.com/images/I/61kPFL1nShL.jpg;https://m.media-amazon.com/images/I/71UvyuO-9iL.jpg;https://m.media-amazon.com/images/I/51YVAV6XCDL.jpg;https://m.media-amazon.com/images/I/51CxgGGmkAL.jpg;https://m.media-amazon.com/images/I/71eg6Q8-SGL.jpg;https://m.media-amazon.com/images/I/61nsAdWRRSL.jpg;https://m.media-amazon.com/images/I/612YUir+q5L.jpg;https://m.media-amazon.com/images/I/817KBArzBSL.jpg;https://m.media-amazon.com/images/I/51MqvlqsZyL.jpg,[ナイキ] クエスト 5 QUEST 5 ブラック/スモークグレー/ダークスモークグレー/ホワイト DD0204-001 日本国内正規品 26.5cm,,fashion_display_on_website,,"6,280",3,"6,280",7,472,12.39%,778,3,3,ファッション,ランニング,Shoes,B0CKMQ56TC,NIKE DD0204-001,SHOES,,NIKE(ナイキ),DD0204-001,ブラック/スモークグレー/ダークスモークグレー/ホワイト,26.5 cm,スニーカー,,,no,no
https://m.media-amazon.com/images/I/81RJQvD4H2L.jpg;https://m.media-amazon.com/images/I/81u73xS4dDL.jpg;https://m.media-amazon.com/images/I/81qUvsxWKCL.jpg;https://m.media-amazon.com/images/I/71us8YZkPVL.jpg;https://m.media-amazon.com/images/I/61IpGP0brDL.jpg,ナイキ（NIKE） ユーティリティ スピード バックパック 2.0 FN4106-010（ブラック/ＦＦ/Men's）,,fashion_display_on_website,,"7,500",9,"7,500",53,781,10%,750,7,7,ファッション,メンズ,Sports,B0DBZYMNXB,FN4106-010,BACKPACK,Nike,NIKE(ナイキ),FN4106-010,ブラック,ＦＦ,Nike ユーティリティスピードバックパック 2.0,1,,no,no
https://m.media-amazon.com/images/I/51W3PwDamXL.jpg;https://m.media-amazon.com/images/I/71li9PqmxuL.jpg;https://m.media-amazon.com/images/I/51E8iHK00AL.jpg;https://m.media-amazon.com/images/I/51ASGxm7Q-L.jpg;https://m.media-amazon.com/images/I/61clz4YOzRL.jpg;https://m.media-amazon.com/images/I/51LuE7mq5HL.jpg;https://m.media-amazon.com/images/I/71E9+4Zs1OL.jpg;https://m.media-amazon.com/images/I/51wC8eHZxrL.jpg;https://m.media-amazon.com/images/I/41pOWVg7DfL.jpg,[ナイキ] エバノン ロー プレミアム EBERNON LOW PRM ライトカーキ/セイル/ライトブリティッシュタン/ダークチームレッド IB4644-261 29.0cm,,fashion_display_on_website,,"6,499",6,"6,499",11,472,12.40%,806,4,3,ファッション,スニーカー,Shoes,B0FXTHRLXP,IB4644-261,SHOES,,NIKE(ナイキ),IB4644-261,ライトカーキ/セイル/ライトブリティッシュタン/ダークチームレッド,29.0 cm,スニーカー,,,no,no
https://m.media-amazon.com/images/I/51W3PwDamXL.jpg;https://m.media-amazon.com/images/I/71li9PqmxuL.jpg;https://m.media-amazon.com/images/I/51E8iHK00AL.jpg;https://m.media-amazon.com/images/I/51ASGxm7Q-L.jpg;https://m.media-amazon.com/images/I/61clz4YOzRL.jpg;https://m.media-amazon.com/images/I/51LuE7mq5HL.jpg;https://m.media-amazon.com/images/I/71E9+4Zs1OL.jpg;https://m.media-amazon.com/images/I/51wC8eHZxrL.jpg;https://m.media-amazon.com/images/I/41pOWVg7DfL.jpg,[ナイキ] エバノン ロー プレミアム EBERNON LOW PRM ライトカーキ/セイル/ライトブリティッシュタン/ダークチームレッド IB4644-261 28.0cm,,fashion_display_on_website,,"6,336",1,,9,472,12.41%,786,6,5,ファッション,スニーカー,Shoes,B0FXTDYF1Z,IB4644-261,SHOES,,NIKE(ナイキ),IB4644-261,ライトカーキ/セイル/ライトブリティッシュタン/ダークチームレッド,28.0 cm,スニーカー,,,no,no
https://m.media-amazon.com/images/I/619X1mZ8hjL.jpg;https://m.media-amazon.com/images/I/613c0M+GJzL.jpg;https://m.media-amazon.com/images/I/51Oc9TcPbLL.jpg;https://m.media-amazon.com/images/I/71T4McosubL.jpg;https://m.media-amazon.com/images/I/619X1mZ8hjL.jpg;https://m.media-amazon.com/images/I/61jg+NJKz2L.jpg;https://m.media-amazon.com/images/I/61tRIX9fLhL.jpg,[ナイキ] コート ビジョン ロー NN W COURT VISION LO NN ホワイト/ブルー DH3158-112 24.0cm,,fashion_display_on_website,,"5,390",2,"5,390",29,430,12.40%,668,16,14,ファッション,バスケットボール,Shoes,B0F4PMCNBP,DH3158-112,SHOES,nike,NIKE(ナイキ),DH3158-112,ホワイト/ブルー,24.0 cm,スニーカー,,,no,no
https://m.media-amazon.com/images/I/619X1mZ8hjL.jpg;https://m.media-amazon.com/images/I/613c0M+GJzL.jpg;https://m.media-amazon.com/images/I/51Oc9TcPbLL.jpg;https://m.media-amazon.com/images/I/71T4McosubL.jpg;https://m.media-amazon.com/images/I/619X1mZ8hjL.jpg;https://m.media-amazon.com/images/I/61jg+NJKz2L.jpg;https://m.media-amazon.com/images/I/61tRIX9fLhL.jpg,[ナイキ] コート ビジョン ロー NN W COURT VISION LO NN ホワイト/ブルー DH3158-112 24.5cm,,fashion_display_on_website,,,,"5,550",32,472,12.40%,-,14,12,ファッション,スニーカー,Shoes,B0F4PN893H,DH3158-112,SHOES,nike,NIKE(ナイキ),DH3158-112,ホワイト/ブルー,24.5 cm,スニーカー,,,no,no
https://m.media-amazon.com/images/I/6189EqpmI0L.jpg;https://m.media-amazon.com/images/I/81nbU-zPPxL.jpg;https://m.media-amazon.com/images/I/61ZfQzbUVkL.jpg;https://m.media-amazon.com/images/I/619M1LrG7rL.jpg;https://m.media-amazon.com/images/I/716Fi77A3GL.jpg;https://m.media-amazon.com/images/I/61WImRMwjoL.jpg;https://m.media-amazon.com/images/I/61q2alO+rZL.jpg;https://m.media-amazon.com/images/I/71OG2F8gG-L.jpg;https://m.media-amazon.com/images/I/51QN3TJxfkL.jpg,[ナイキ] レボリューション 7 Revolution 7 アンスラサイト/クールグレー/ブラック/ホワイト FB2207-007 27.5cm,,fashion_display_on_website,,"6,000",10,"6,000",15,472,12.40%,744,5,4,ファッション,スニーカー,Shoes,B0FV8BZT43,FB2207-007,SHOES,nike,NIKE(ナイキ),FB2207-007,アンスラサイト/クールグレー/ブラック/ホワイト,27.5 cm,スニーカー,,,no,no
https://m.media-amazon.com/images/I/6189EqpmI0L.jpg;https://m.media-amazon.com/images/I/81nbU-zPPxL.jpg;https://m.media-amazon.com/images/I/61ZfQzbUVkL.jpg;https://m.media-amazon.com/images/I/619M1LrG7rL.jpg;https://m.media-amazon.com/images/I/716Fi77A3GL.jpg;https://m.media-amazon.com/images/I/61WImRMwjoL.jpg;https://m.media-amazon.com/images/I/61q2alO+rZL.jpg;https://m.media-amazon.com/images/I/71OG2F8gG-L.jpg;https://m.media-amazon.com/images/I/51QN3TJxfkL.jpg,[ナイキ] レボリューション 7 Revolution 7 アンスラサイト/クールグレー/ブラック/ホワイト FB2207-007 27.0cm,,fashion_display_on_website,,"5,940",1,"5,940",8,472,12.41%,737,6,6,ファッション,ランニング,Shoes,B0FV88BFB5,FB2207-007,SHOES,nike,NIKE(ナイキ),FB2207-007,アンスラサイト/クールグレー/ブラック/ホワイト,27.0 cm,スニーカー,,,no,no
https://m.media-amazon.com/images/I/51TGq2B9e-L.jpg;https://m.media-amazon.com/images/I/71WdRO599-L.jpg;https://m.media-amazon.com/images/I/51HnUvKIMmL.jpg;https://m.media-amazon.com/images/I/51ncwXiV1lL.jpg;https://m.media-amazon.com/images/I/61-GomJ-ZdL.jpg;https://m.media-amazon.com/images/I/61wU+VDcRvL.jpg;https://m.media-amazon.com/images/I/716WbxhQMwL.jpg;https://m.media-amazon.com/images/I/51SSkJybNXL.jpg;https://m.media-amazon.com/images/I/71foP-gOkKL.jpg,[ナイキ] シューズ スニーカー レボリューション 7 Revolution 7 ホワイト/ブラック/フォトンダスト/ファイヤーレッド FB2207-102 日本国内正規品 27.5cm,,fashion_display_on_website,,"6,910",1,"6,910",3,472,12.40%,857,2,2,ファッション,ランニング,Shoes,B0CZ42LVFF,NIKE FB2207-102,SHOES,,NIKE(ナイキ),FB2207-102,ホワイト/ブラック/フォトンダスト/ファイヤーレッド,27.5 cm,スニーカー,,,no,no
https://m.media-amazon.com/images/I/51TGq2B9e-L.jpg;https://m.media-amazon.com/images/I/71WdRO599-L.jpg;https://m.media-amazon.com/images/I/51HnUvKIMmL.jpg;https://m.media-amazon.com/images/I/51ncwXiV1lL.jpg;https://m.media-amazon.com/images/I/61-GomJ-ZdL.jpg;https://m.media-amazon.com/images/I/61wU+VDcRvL.jpg;https://m.media-amazon.com/images/I/716WbxhQMwL.jpg;https://m.media-amazon.com/images/I/51SSkJybNXL.jpg;https://m.media-amazon.com/images/I/71foP-gOkKL.jpg,[ナイキ] シューズ スニーカー レボリューション 7 Revolution 7 ホワイト/ブラック/フォトンダスト/ファイヤーレッド FB2207-102 日本国内正規品 26.0cm,,fashion_display_on_website,,"7,405",1,"7,405",3,472,12.41%,919,2,2,ファッション,ランニング,Shoes,B0CZ42XXXH,NIKE FB2207-102,SHOES,,NIKE(ナイキ),FB2207-102,ホワイト/ブラック/フォトンダスト/ファイヤーレッド,26.0 cm,スニーカー,,,no,no
https://m.media-amazon.com/images/I/617rARi+9sL.jpg;https://m.media-amazon.com/images/I/61A-9YrUu8L.jpg;https://m.media-amazon.com/images/I/61FNx8P2JiL.jpg;https://m.media-amazon.com/images/I/711E9vrIm2L.jpg;https://m.media-amazon.com/images/I/617rARi+9sL.jpg;https://m.media-amazon.com/images/I/61+g+uTMRFL.jpg;https://m.media-amazon.com/images/I/81hHzszhslL.jpg;https://m.media-amazon.com/images/I/71sLkEXvv-L.jpg;https://m.media-amazon.com/images/I/51xoucmxHOL.jpg,[ナイキ] シューズ スニーカー レボリューション 7 Revolution 7 ミッドナイトネイビー/ピュアプラチナム FB2207-400 日本国内正規品 27.0cm,,fashion_display_on_website,,"5,600",4,"5,500",11,472,12.39%,694,4,4,ファッション,ランニング,Shoes,B0CZ43JKCL,NIKE FB2207-400,SHOES,,NIKE(ナイキ),FB2207-400,ミッドナイトネイビー/ピュアプラチナム,27.0 cm,スニーカー,,,no,no
https://m.media-amazon.com/images/I/617rARi+9sL.jpg;https://m.media-amazon.com/images/I/61A-9YrUu8L.jpg;https://m.media-amazon.com/images/I/61FNx8P2JiL.jpg;https://m.media-amazon.com/images/I/711E9vrIm2L.jpg;https://m.media-amazon.com/images/I/617rARi+9sL.jpg;https://m.media-amazon.com/images/I/61+g+uTMRFL.jpg;https://m.media-amazon.com/images/I/81hHzszhslL.jpg;https://m.media-amazon.com/images/I/71sLkEXvv-L.jpg;https://m.media-amazon.com/images/I/51xoucmxHOL.jpg,[ナイキ] シューズ スニーカー レボリューション 7 Revolution 7 ミッドナイトネイビー/ピュアプラチナム FB2207-400 日本国内正規品 28.0cm,,fashion_display_on_website,,"5,700",1,"5,669",4,472,12.40%,707,3,3,ファッション,ランニング,Shoes,B0CZ3Z9KQQ,NIKE FB2207-400,SHOES,,NIKE(ナイキ),FB2207-400,ミッドナイトネイビー/ピュアプラチナム,28.0 cm,スニーカー,,,no,no
https://m.media-amazon.com/images/I/619l-8zoqeL.jpg;https://m.media-amazon.com/images/I/71pm3jWkorL.jpg;https://m.media-amazon.com/images/I/61hJEbGzdXL.jpg;https://m.media-amazon.com/images/I/61OnUWyYfGL.jpg;https://m.media-amazon.com/images/I/61dJrlAOl1L.jpg;https://m.media-amazon.com/images/I/61+Jy3puAbL.jpg;https://m.media-amazon.com/images/I/61MlGLtiSyL.jpg,[ナイキ] アイコン クラシック W ICON CLASSIC サンドドリフト/ミンクブラウン/ヘンプ DH0223-102 25.0cm,,fashion_display_on_website,,"5,681",10,"5,681",30,472,12.41%,705,9,9,ファッション,バスケットボール,Shoes,B0F438X6FR,DH0223-102,SHOES,nike,NIKE(ナイキ),DH0223-102,サンドドリフト/ミンクブラウン/ヘンプ,25.0 cm,スニーカー,,,no,no
https://m.media-amazon.com/images/I/619l-8zoqeL.jpg;https://m.media-amazon.com/images/I/71pm3jWkorL.jpg;https://m.media-amazon.com/images/I/61hJEbGzdXL.jpg;https://m.media-amazon.com/images/I/61OnUWyYfGL.jpg;https://m.media-amazon.com/images/I/61dJrlAOl1L.jpg;https://m.media-amazon.com/images/I/61+Jy3puAbL.jpg;https://m.media-amazon.com/images/I/61MlGLtiSyL.jpg,[ナイキ] アイコン クラシック W ICON CLASSIC サンドドリフト/ミンクブラウン/ヘンプ DH0223-102 24.0cm,,fashion_display_on_website,,"7,182",2,"7,182",4,472,12.41%,891,4,3,ファッション,スポーツサンダル,Shoes,B0F4362X4L,DH0223-102,SHOES,nike,NIKE(ナイキ),DH0223-102,サンドドリフト/ミンクブラウン/ヘンプ,24.0 cm,スニーカー,,,no,no
https://m.media-amazon.com/images/I/51pBHP0OlML.jpg;https://m.media-amazon.com/images/I/51PzQtbdIwL.jpg;https://m.media-amazon.com/images/I/514kxWLLgRL.jpg;https://m.media-amazon.com/images/I/61p5n0m9YeL.jpg;https://m.media-amazon.com/images/I/61b3SMJr-9L.jpg;https://m.media-amazon.com/images/I/618v+orXVEL.jpg;https://m.media-amazon.com/images/I/61-iCLeId1L.jpg;https://m.media-amazon.com/images/I/713M+ruxFZL.jpg;https://m.media-amazon.com/images/I/519ony3MumL.jpg,[ナイキ] イニシエーター INITIATOR ホワイト/ブラック 394055-100 26.5cm,,fashion_display_on_website,,"8,500",2,"8,500",12,472,11.45%,973,10,8,ファッション,ランニング,Shoes,B0DBV3YR76,394055-100,SHOES,,NIKE(ナイキ),394055-100,ホワイト/ブラック,26.5 cm,スニーカー,,,no,no
https://m.media-amazon.com/images/I/51pBHP0OlML.jpg;https://m.media-amazon.com/images/I/51PzQtbdIwL.jpg;https://m.media-amazon.com/images/I/514kxWLLgRL.jpg;https://m.media-amazon.com/images/I/61p5n0m9YeL.jpg;https://m.media-amazon.com/images/I/61b3SMJr-9L.jpg;https://m.media-amazon.com/images/I/618v+orXVEL.jpg;https://m.media-amazon.com/images/I/61-iCLeId1L.jpg;https://m.media-amazon.com/images/I/713M+ruxFZL.jpg;https://m.media-amazon.com/images/I/519ony3MumL.jpg,[ナイキ] イニシエーター INITIATOR ホワイト/ブラック 394055-100 27.0cm,,fashion_display_on_website,,"7,702",2,"7,702",9,472,12.24%,943,5,4,ファッション,ランニング,Shoes,B0DBV3MS61,394055-100,SHOES,nike,NIKE(ナイキ),394055-100,ホワイト/ブラック,27.0 cm,スニーカー,,,no,no
https://m.media-amazon.com/images/I/51d+J3wxf0L.jpg;https://m.media-amazon.com/images/I/518za4CsUUL.jpg;https://m.media-amazon.com/images/I/51qGAw-mccL.jpg;https://m.media-amazon.com/images/I/61kcafBGTiL.jpg;https://m.media-amazon.com/images/I/51USWZ7lstL.jpg;https://m.media-amazon.com/images/I/51HW0bMRuzL.jpg;https://m.media-amazon.com/images/I/71x9iGydKvL.jpg,[ナイキ] ヤニス イモータリティ 4 J GIANNIS IMMORTALITY 4 ホワイト/メタリックゴールド/ブラック FZ6734-100 24.5cm,,fashion_display_on_website,,"4,990",1,"4,990",29,472,12.40%,619,11,11,ファッション,スニーカー,Shoes,B0DYY8W4K6,FZ6734-100,SHOES,nike,NIKE(ナイキ),FZ6734-100,ホワイト/メタリックゴールド/ブラック,24.5 cm,スニーカー,,,no,no
https://m.media-amazon.com/images/I/51d+J3wxf0L.jpg;https://m.media-amazon.com/images/I/518za4CsUUL.jpg;https://m.media-amazon.com/images/I/51qGAw-mccL.jpg;https://m.media-amazon.com/images/I/61kcafBGTiL.jpg;https://m.media-amazon.com/images/I/51USWZ7lstL.jpg;https://m.media-amazon.com/images/I/51HW0bMRuzL.jpg;https://m.media-amazon.com/images/I/71x9iGydKvL.jpg,[ナイキ] ヤニス イモータリティ 4 J GIANNIS IMMORTALITY 4 ホワイト/メタリックゴールド/ブラック FZ6734-100 25.0cm,,fashion_display_on_website,,"5,000",2,"4,950",34,472,12.40%,620,14,14,ファッション,スポーツ,Shoes,B0DYY99VXX,FZ6734-100,SHOES,nike,NIKE(ナイキ),FZ6734-100,ホワイト/メタリックゴールド/ブラック,25.0 cm,スニーカー,,,no,no
https://m.media-amazon.com/images/I/51Jh5Zajm7L.jpg;https://m.media-amazon.com/images/I/61HBN5Zg9ZL.jpg;https://m.media-amazon.com/images/I/71m0FU+mAML.jpg;https://m.media-amazon.com/images/I/61sjS7BTqtL.jpg;https://m.media-amazon.com/images/I/61W3npAet7L.jpg;https://m.media-amazon.com/images/I/61X+03Unq-L.jpg;https://m.media-amazon.com/images/I/61t2utOlrzL.jpg;https://m.media-amazon.com/images/I/71tOre3HT+L.jpg;https://m.media-amazon.com/images/I/51dxrRTyH2L.jpg,[ナイキ] シューズ スニーカー アレイト W AL8 セイル/サンドドリフト FJ3794-100 日本国内正規品 23.0cm,,fashion_display_on_website,,"7,600",,"7,600",,472,12.32%,936,6,6,ファッション,ランニング,Shoes,B0CZ41HRX4,NIKE FJ3794-100,SHOES,,NIKE(ナイキ),FJ3794-100,セイル/サンドドリフト,23.0 cm,スニーカー,,,no,no
https://m.media-amazon.com/images/I/61boR69rjFL.jpg;https://m.media-amazon.com/images/I/51Rpr3X1dsL.jpg;https://m.media-amazon.com/images/I/51zBwUYKR+L.jpg;https://m.media-amazon.com/images/I/71224gKU1zL.jpg;https://m.media-amazon.com/images/I/61boR69rjFL.jpg;https://m.media-amazon.com/images/I/61wTqA0voRL.jpg;https://m.media-amazon.com/images/I/61vWB-yJhrL.jpg;https://m.media-amazon.com/images/I/71U+kfXPAfL.jpg;https://m.media-amazon.com/images/I/51A5q4BcbTL.jpg,[ナイキ] レボリューション 8 ワイド W Revolution 8 WIDE ブラック/ホワイト HQ1995-002 24.0cm,,fashion_display_on_website,,"5,535",3,"5,480",17,472,12.41%,687,11,8,ファッション,ランニング,Shoes,B0FJLZCCQ6,HQ1995-002,SHOES,nike,NIKE(ナイキ),HQ1995-002,ブラック/ホワイト,24.0 cm,スニーカー,,,no,no
https://m.media-amazon.com/images/I/61yZ5NAIE0L.jpg;https://m.media-amazon.com/images/I/61OfSjawegL.jpg;https://m.media-amazon.com/images/I/61IWyE7G9fL.jpg;https://m.media-amazon.com/images/I/71Y1S2Im6FL.jpg;https://m.media-amazon.com/images/I/617JV0cq8KL.jpg;https://m.media-amazon.com/images/I/511CIonAemL.jpg;https://m.media-amazon.com/images/I/71N1543mdXL.jpg;https://m.media-amazon.com/images/I/71wct6tAy4L.jpg;https://m.media-amazon.com/images/I/71+Mvepw2yL.jpg,[ナイキ] エア ハイツ W AIR HEIGHTS ブラック/ブラック CI0603-001 24.5cm,,fashion_display_on_website,,"8,180",2,"8,098",6,472,12.41%,"1,015",4,2,ファッション,スニーカー,Shoes,B0DH8CBPLH,CI0603-001,SHOES,,NIKE(ナイキ),CI0603-001,ブラック/ブラック,24.5 cm,スニーカー,,,no,no
https://m.media-amazon.com/images/I/61yZ5NAIE0L.jpg;https://m.media-amazon.com/images/I/61OfSjawegL.jpg;https://m.media-amazon.com/images/I/61IWyE7G9fL.jpg;https://m.media-amazon.com/images/I/71Y1S2Im6FL.jpg;https://m.media-amazon.com/images/I/617JV0cq8KL.jpg;https://m.media-amazon.com/images/I/511CIonAemL.jpg;https://m.media-amazon.com/images/I/71N1543mdXL.jpg;https://m.media-amazon.com/images/I/71wct6tAy4L.jpg;https://m.media-amazon.com/images/I/71+Mvepw2yL.jpg,[ナイキ] エア ハイツ W AIR HEIGHTS ブラック/ブラック CI0603-001 24.0cm,,fashion_display_on_website,,"6,910",2,"6,910",10,472,12.40%,857,8,6,ファッション,ランニング,Shoes,B0DH89FSQM,CI0603-001,SHOES,nike,NIKE(ナイキ),CI0603-001,ブラック/ブラック,24.0 cm,スニーカー,,,no,no
https://m.media-amazon.com/images/I/51ujDZzvx0L.jpg;https://m.media-amazon.com/images/I/51TSMqn7C2L.jpg;https://m.media-amazon.com/images/I/51t-bf0Lb-L.jpg;https://m.media-amazon.com/images/I/41RvcADYrFL.jpg;https://m.media-amazon.com/images/I/51ImZgl7efL.jpg;https://m.media-amazon.com/images/I/51zqpWftisL.jpg;https://m.media-amazon.com/images/I/51T+fb3x6nL.jpg,[ナイキ] ビッグ ロー BIG LOW ホワイト/ミッドナイトネイビー 355152-140 27.0cm,,fashion_display_on_website,,,,"10,000",2,472,10.90%,-,2,1,ファッション,スニーカー,Shoes,B0DK1FRBPZ,355152-140,SHOES,,NIKE(ナイキ),355152-140,ホワイト/ミッドナイトネイビー,27.0 cm,スニーカー,,,no,no
https://m.media-amazon.com/images/I/51wP91FnaDL.jpg;https://m.media-amazon.com/images/I/61yUCnJTWML.jpg;https://m.media-amazon.com/images/I/51inmOLmMbL.jpg;https://m.media-amazon.com/images/I/51A3J1YfW+L.jpg;https://m.media-amazon.com/images/I/61KsysUr4mL.jpg;https://m.media-amazon.com/images/I/51i7qolCxtL.jpg;https://m.media-amazon.com/images/I/71NiG7xQIqL.jpg;https://m.media-amazon.com/images/I/61gmqE0-lLL.jpg;https://m.media-amazon.com/images/I/517tyQQp0rL.jpg,[ナイキ] SB ヘリテージ バルク SB HERITAGE VULC ガムライトブラウン/サミットホワイト/カーディナルレッド/ホワイト CD5010-100 27.0cm,,fashion_display_on_website,,"6,148",3,"6,148",10,472,12.39%,762,7,5,ファッション,ランニング,Shoes,B0DGTB3N6S,CD5010-100,SHOES,,NIKE(ナイキ),CD5010-100,ガムライトブラウン/サミットホワイト/カーディナルレッド/ホワイト,27.0 cm,スニーカー,,,no,no
https://m.media-amazon.com/images/I/61GDn3kABJL.jpg;https://m.media-amazon.com/images/I/51l4A9jwBTL.jpg;https://m.media-amazon.com/images/I/51dZuXZ9ZiL.jpg;https://m.media-amazon.com/images/I/71xHWcZmrjL.jpg;https://m.media-amazon.com/images/I/61-10cEnZBL.jpg;https://m.media-amazon.com/images/I/61JxQU+466L.jpg;https://m.media-amazon.com/images/I/711ZdXt5fFL.jpg;https://m.media-amazon.com/images/I/71EcOkiBXWL.jpg;https://m.media-amazon.com/images/I/61P5smQSZQL.jpg,[ナイキ] コート ロイヤル 2 W COURT ROYAL 2 ブラック/ホワイト DH3159-001 日本国内正規品 23.0cm,,fashion_display_on_website,,"5,100",,"5,049",,430,12.39%,632,10,8,ファッション,ランニング,Shoes,B0CLB48Q1M,NIKE DH3159-001,SHOES,,NIKE(ナイキ),DH3159-001,ブラック/ホワイト,23.0 cm,スニーカー,,,no,no
https://m.media-amazon.com/images/I/61P89vMn6JL.jpg;https://m.media-amazon.com/images/I/51upB4tfn8L.jpg;https://m.media-amazon.com/images/I/51pvkj13qNL.jpg;https://m.media-amazon.com/images/I/71y9crofXRL.jpg;https://m.media-amazon.com/images/I/61NFOfZb1iL.jpg;https://m.media-amazon.com/images/I/51l9JpPnZ8L.jpg;https://m.media-amazon.com/images/I/61Y4rmJ4rAL.jpg;https://m.media-amazon.com/images/I/71zzSgfgf+L.jpg;https://m.media-amazon.com/images/I/51DDo2Ne0SL.jpg,[ナイキ] エア マックス アクシス J AIR MAX AXIS ブラック/ホワイト AH5222-001 ナイキジャパン正規品 22.5cm,,fashion_display_on_website,,"9,680",2,,6,430,11.05%,"1,070",3,3,ファッション,ランニング,Shoes,B0CLB11KS9,AH5222-001,SHOES,,NIKE(ナイキ),AH5222-001,ブラック/ホワイト,22.5 cm,スニーカー,,,no,no
https://m.media-amazon.com/images/I/51L13GIitRL.jpg;https://m.media-amazon.com/images/I/71i75YJHQhL.jpg;https://m.media-amazon.com/images/I/51ZCr7vSJRL.jpg;https://m.media-amazon.com/images/I/51ygjP7s4jL.jpg;https://m.media-amazon.com/images/I/41Gpr0lkJTL.jpg;https://m.media-amazon.com/images/I/61uLDYd1STL.jpg;https://m.media-amazon.com/images/I/61irqjRUM5L.jpg;https://m.media-amazon.com/images/I/71mc2SH7iqL.jpg;https://m.media-amazon.com/images/I/51R2+oDeelL.jpg,[ナイキ] ズーム ライバル フライ 4 Zoom Rival Fly 4 オブシディアン/ペルシアンバイオレット/グリーンアビス/ホワイト FV6040-401 25.5cm,,fashion_display_on_website,,"9,394",4,"9,300",13,472,11.24%,"1,056",3,3,ファッション,ランニング,Shoes,B0G1TJQGYN,FV6040-401,SHOES,nike,NIKE(ナイキ),FV6040-401,オブシディアン/ペルシアンバイオレット/グリーンアビス/ホワイト,25.5 cm,スニーカー,,,no,no
https://m.media-amazon.com/images/I/51L13GIitRL.jpg;https://m.media-amazon.com/images/I/71i75YJHQhL.jpg;https://m.media-amazon.com/images/I/51ZCr7vSJRL.jpg;https://m.media-amazon.com/images/I/51ygjP7s4jL.jpg;https://m.media-amazon.com/images/I/41Gpr0lkJTL.jpg;https://m.media-amazon.com/images/I/61uLDYd1STL.jpg;https://m.media-amazon.com/images/I/61irqjRUM5L.jpg;https://m.media-amazon.com/images/I/71mc2SH7iqL.jpg;https://m.media-amazon.com/images/I/51R2+oDeelL.jpg,[ナイキ] ズーム ライバル フライ 4 Zoom Rival Fly 4 オブシディアン/ペルシアンバイオレット/グリーンアビス/ホワイト FV6040-401 23.0cm,,fashion_display_on_website,,"8,250",2,"8,250",4,430,11.85%,978,3,3,ファッション,スニーカー,Shoes,B0G1TKH4LT,FV6040-401,SHOES,nike,NIKE(ナイキ),FV6040-401,オブシディアン/ペルシアンバイオレット/グリーンアビス/ホワイト,23.0 cm,スニーカー,,,no,no
https://m.media-amazon.com/images/I/51EECd7sm9L.jpg;https://m.media-amazon.com/images/I/51JEB+YB91L.jpg;https://m.media-amazon.com/images/I/518u7eA+ZtL.jpg;https://m.media-amazon.com/images/I/61Lv+0jZMbL.jpg;https://m.media-amazon.com/images/I/51EECd7sm9L.jpg;https://m.media-amazon.com/images/I/61wpxLl1-wL.jpg;https://m.media-amazon.com/images/I/71H3Sob24zL.jpg;https://m.media-amazon.com/images/I/61evC44maxL.jpg;https://m.media-amazon.com/images/I/510v1dKmyvL.jpg,[ナイキ] エア マックス エクシー AIR MAX EXCEE フォトンダスト/スモークグレー/グリーン FZ5486-006 26.5cm,,fashion_display_on_website,,,,,2,472,10.91%,-,2,2,ファッション,スニーカー,Shoes,B0FQ31KM4L,FZ5486-006,SHOES,nike,NIKE(ナイキ),FZ5486-006,フォトンダスト/スモークグレー/グリーン,26.5 cm,スニーカー,,,no,no
https://m.media-amazon.com/images/I/51EECd7sm9L.jpg;https://m.media-amazon.com/images/I/51JEB+YB91L.jpg;https://m.media-amazon.com/images/I/518u7eA+ZtL.jpg;https://m.media-amazon.com/images/I/61Lv+0jZMbL.jpg;https://m.media-amazon.com/images/I/51EECd7sm9L.jpg;https://m.media-amazon.com/images/I/61wpxLl1-wL.jpg;https://m.media-amazon.com/images/I/71H3Sob24zL.jpg;https://m.media-amazon.com/images/I/61evC44maxL.jpg;https://m.media-amazon.com/images/I/510v1dKmyvL.jpg,[ナイキ] エア マックス エクシー AIR MAX EXCEE フォトンダスト/スモークグレー/グリーン FZ5486-006 26.0cm,,fashion_display_on_website,,"9,549",1,"9,454",7,472,10.95%,"1,046",6,5,ファッション,スニーカー,Shoes,B0FQ2ZHP23,FZ5486-006,SHOES,nike,NIKE(ナイキ),FZ5486-006,フォトンダスト/スモークグレー/グリーン,26.0 cm,スニーカー,,,no,no
https://m.media-amazon.com/images/I/51EECd7sm9L.jpg;https://m.media-amazon.com/images/I/51JEB+YB91L.jpg;https://m.media-amazon.com/images/I/518u7eA+ZtL.jpg;https://m.media-amazon.com/images/I/61Lv+0jZMbL.jpg;https://m.media-amazon.com/images/I/51EECd7sm9L.jpg;https://m.media-amazon.com/images/I/61wpxLl1-wL.jpg;https://m.media-amazon.com/images/I/71H3Sob24zL.jpg;https://m.media-amazon.com/images/I/61evC44maxL.jpg;https://m.media-amazon.com/images/I/510v1dKmyvL.jpg,[ナイキ] エア マックス エクシー AIR MAX EXCEE フォトンダスト/スモークグレー/グリーン FZ5486-006 27.0cm,,fashion_display_on_website,,,,"8,800",1,472,11.51%,-,4,1,ファッション,ランニング,Shoes,B0FQ2WHQSY,FZ5486-006,SHOES,nike,NIKE(ナイキ),FZ5486-006,フォトンダスト/スモークグレー/グリーン,27.0 cm,スニーカー,,,no,no
https://m.media-amazon.com/images/I/51T7muoUryL.jpg;https://m.media-amazon.com/images/I/71PrPsBZHfL.jpg;https://m.media-amazon.com/images/I/51fUuA1CYmL.jpg;https://m.media-amazon.com/images/I/61A4K4mTUpL.jpg;https://m.media-amazon.com/images/I/61tDy+cVCqL.jpg;https://m.media-amazon.com/images/I/51TmM6SKuRL.jpg;https://m.media-amazon.com/images/I/51ybUIgVXaL.jpg;https://m.media-amazon.com/images/I/71gg993SJvL.jpg;https://m.media-amazon.com/images/I/51dcDtmsXjL.jpg,[ナイキ] エア マックス ニュアクシス W AIR MAX NUAXIS サンドドリフト/ホワイト HF1233-105 24.0cm,,fashion_display_on_website,,"6,000",2,"6,000",10,472,12.40%,744,5,4,ファッション,ランニング,Shoes,B0DC6Y4Q76,HF1233-105,SHOES,,NIKE(ナイキ),HF1233-105,サンドドリフト/ホワイト,24.0 cm,スニーカー,,,no,no
https://m.media-amazon.com/images/I/51fg9hf1taL.jpg;https://m.media-amazon.com/images/I/51fg9hf1taL.jpg;https://m.media-amazon.com/images/I/51HIKdYGaPL.jpg;https://m.media-amazon.com/images/I/51Tv8f-n6WL.jpg;https://m.media-amazon.com/images/I/61h1BElMR4L.jpg;https://m.media-amazon.com/images/I/71cZT0aUptL.jpg;https://m.media-amazon.com/images/I/51IAi9R6WWL.jpg;https://m.media-amazon.com/images/I/51ObGR+9CDL.jpg;https://m.media-amazon.com/images/I/51RUcrlSu3L.jpg,[ナイキ] カーム エレベーション ファー W CALM ELEVATION FUR ブラック HV8560-001 24.0cm,,fashion_display_on_website,,"6,980",3,"6,980",11,472,12.41%,866,6,4,ファッション,ランニング,Shoes,B0FSSP3QJ2,HV8560-001,SLIPPER,nike,NIKE(ナイキ),HV8560-001,ブラック,24.0 cm,スニーカー,,,no,no
https://m.media-amazon.com/images/I/511Hi5hEEoL.jpg;https://m.media-amazon.com/images/I/41nhT6X-PSL.jpg;https://m.media-amazon.com/images/I/416KuPwVy4L.jpg;https://m.media-amazon.com/images/I/51eL9bzYDpL.jpg;https://m.media-amazon.com/images/I/419NAgfk05L.jpg;https://m.media-amazon.com/images/I/41iI7+rba4L.jpg;https://m.media-amazon.com/images/I/51P6syjqFaL.jpg,[ナイキ] ティエンポ レジェンド 10 アカデミー TF TIEMPO LEGEND 10 ACADEMY TF ブラック/ディープジャングル/ブラック DV4342-002 25.5cm,,fashion_display_on_website,,"9,980",1,"9,980",3,430,10.91%,"1,089",3,3,ファッション,サッカー,Shoes,B0DHRW5DP1,DV4342-002,SHOES,nike,NIKE(ナイキ),DV4342-002,ブラック/ディープジャングル/ブラック,25.5 cm,スニーカー,,,no,no
https://m.media-amazon.com/images/I/51ivL5RxzFL.jpg;https://m.media-amazon.com/images/I/414Lz37HJ-L.jpg;https://m.media-amazon.com/images/I/51AELr-cuML.jpg;https://m.media-amazon.com/images/I/51NPMGVU+dL.jpg;https://m.media-amazon.com/images/I/51FJXef-3vL.jpg;https://m.media-amazon.com/images/I/51acZKiwolL.jpg;https://m.media-amazon.com/images/I/51v7Xo5LCFL.jpg;https://m.media-amazon.com/images/I/61NhdnlSqbL.jpg;https://m.media-amazon.com/images/I/6167ZhSlm5L.jpg,[ナイキ] ゴー フライイーズ W Go FlyEase ホワイト/ブラック DR5540-102 ナイキジャパン正規品 23.5cm,,fashion_display_on_website,,,,"7,326",12,472,12.39%,-,5,4,ファッション,ランニング,Shoes,B0B8V4L8V4,DR5540-102,SHOES,nike,NIKE(ナイキ),DR5540-102,ホワイト/ブラック,23.5 cm,スニーカー,,,no,no
https://m.media-amazon.com/images/I/51ivL5RxzFL.jpg;https://m.media-amazon.com/images/I/414Lz37HJ-L.jpg;https://m.media-amazon.com/images/I/51AELr-cuML.jpg;https://m.media-amazon.com/images/I/51NPMGVU+dL.jpg;https://m.media-amazon.com/images/I/51FJXef-3vL.jpg;https://m.media-amazon.com/images/I/51acZKiwolL.jpg;https://m.media-amazon.com/images/I/51v7Xo5LCFL.jpg;https://m.media-amazon.com/images/I/61NhdnlSqbL.jpg;https://m.media-amazon.com/images/I/6167ZhSlm5L.jpg,[ナイキ] ゴー フライイーズ [W Go FlyEase] ホワイト/ブラックDR5540-102 正規品 (measurement_24_point_0_centimeters),,fashion_display_on_website,,,,,2,472,10.91%,-,3,2,ファッション,スニーカー,Shoes,B0BB3KGJGR,DR5540-102,SHOES,,NIKE(ナイキ),DR5540-102,ホワイト/ブラック,24.0 cm,スニーカー,,,no,no
https://m.media-amazon.com/images/I/61skftUj0cL.jpg;https://m.media-amazon.com/images/I/514vgVrkLjL.jpg;https://m.media-amazon.com/images/I/51tIagswo9L.jpg;https://m.media-amazon.com/images/I/61fjrNBL3nL.jpg;https://m.media-amazon.com/images/I/61Cr6lBxJjL.jpg;https://m.media-amazon.com/images/I/61+rTbap9UL.jpg;https://m.media-amazon.com/images/I/71pLwdWqP6L.jpg,[ナイキ] ヤニス イモータリティ 4 J GIANNIS IMMORTALITY ブラック/ユニバーシティレッド/チームレッド FZ6734-005 24.0cm,,fashion_display_on_website,,"6,990",2,,3,472,12.40%,867,2,2,ファッション,ランニング,Shoes,B0DX1GW768,FZ6734-005,SHOES,nike,NIKE(ナイキ),FZ6734-005,ブラック/ユニバーシティレッド/チームレッド,24.0 cm,スニーカー,,,no,no
https://m.media-amazon.com/images/I/61AmGixiprL.jpg;https://m.media-amazon.com/images/I/51e5ChxHqQL.jpg;https://m.media-amazon.com/images/I/517TI7AviWL.jpg;https://m.media-amazon.com/images/I/51LghgxlkUL.jpg;https://m.media-amazon.com/images/I/51x35VJc4DL.jpg;https://m.media-amazon.com/images/I/51ueFdZyLnL.jpg;https://m.media-amazon.com/images/I/718uDuHQH3L.jpg,[ナイキ] コート ボロー ミッド J COURT BOROUGH MID ヘイスタック/バロックブラウン/ヘイスタック AA3458-700 24.0cm,,fashion_display_on_website,,"6,800",3,,3,472,12.40%,843,2,1,ファッション,ランニング,Shoes,B0DJJTXCPG,AA3458-700,SHOES,nike,NIKE(ナイキ),AA3458-700,ヘイスタック/バロックブラウン/ヘイスタック,24.0 cm,スニーカー,,,no,no
https://m.media-amazon.com/images/I/61l3SwcqEuL.jpg;https://m.media-amazon.com/images/I/7196A-Er4pL.jpg;https://m.media-amazon.com/images/I/61l10yPmiRL.jpg;https://m.media-amazon.com/images/I/61By6abkR8L.jpg;https://m.media-amazon.com/images/I/61VBY3x-XOL.jpg;https://m.media-amazon.com/images/I/71kVcLDt+UL.jpg;https://m.media-amazon.com/images/I/71DCOIx5VvL.jpg;https://m.media-amazon.com/images/I/717eAM+d+IL.jpg;https://m.media-amazon.com/images/I/511h+q4ZNKL.jpg,[ナイキ] コート ビジョン ミッド WNTR COURT VISION MID WNTR エレメンタルゴールド/エレメンタルゴールド DR7882-700 日本国内正規品 26.0cm,,fashion_display_on_website,,,,"7,898",8,472,12.04%,-,6,4,ファッション,ランニング,Shoes,B0BK877T9J,NIKE DR7882-700,SHOES,,NIKE(ナイキ),DR7882-700,エレメンタルゴールド/エレメンタルゴールド,26.0 cm,スニーカー,,,no,no
https://m.media-amazon.com/images/I/61eHMrUb2IL.jpg;https://m.media-amazon.com/images/I/71GTjcAswwL.jpg;https://m.media-amazon.com/images/I/5156HKX9J8L.jpg;https://m.media-amazon.com/images/I/51p37HpXy9L.jpg;https://m.media-amazon.com/images/I/61grU5ZuiBL.jpg;https://m.media-amazon.com/images/I/61rBL3SfpML.jpg;https://m.media-amazon.com/images/I/51bcRx1Z-sL.jpg;https://m.media-amazon.com/images/I/61v0zIusJ+L.jpg;https://m.media-amazon.com/images/I/51sKub1i5ML.jpg,[ナイキ] コズミック ランナー J COSMIC RUNNER ブラック/アンスラサイト/ホワイト HM4402-003 25.0cm,,fashion_display_on_website,,,,"6,200",21,472,12.40%,-,9,6,ファッション,ランニング,Shoes,B0DLGSQ6C7,HM4402-003,SHOES,,NIKE(ナイキ),HM4402-003,ブラック/アンスラサイト/ホワイト,25.0 cm,スニーカー,,,no,no
https://m.media-amazon.com/images/I/61eHMrUb2IL.jpg;https://m.media-amazon.com/images/I/71GTjcAswwL.jpg;https://m.media-amazon.com/images/I/5156HKX9J8L.jpg;https://m.media-amazon.com/images/I/51p37HpXy9L.jpg;https://m.media-amazon.com/images/I/61grU5ZuiBL.jpg;https://m.media-amazon.com/images/I/61rBL3SfpML.jpg;https://m.media-amazon.com/images/I/51bcRx1Z-sL.jpg;https://m.media-amazon.com/images/I/61v0zIusJ+L.jpg;https://m.media-amazon.com/images/I/51sKub1i5ML.jpg,[ナイキ] コズミック ランナー J COSMIC RUNNER ブラック/アンスラサイト/ホワイト HM4402-003 24.0cm,,fashion_display_on_website,,,,"6,180",20,472,12.39%,-,9,6,ファッション,ランニング,Shoes,B0DLGV2Z6D,HM4402-003,SHOES,,NIKE(ナイキ),HM4402-003,ブラック/アンスラサイト/ホワイト,24.0 cm,スニーカー,,,no,no
https://m.media-amazon.com/images/I/61eHMrUb2IL.jpg;https://m.media-amazon.com/images/I/71GTjcAswwL.jpg;https://m.media-amazon.com/images/I/5156HKX9J8L.jpg;https://m.media-amazon.com/images/I/51p37HpXy9L.jpg;https://m.media-amazon.com/images/I/61grU5ZuiBL.jpg;https://m.media-amazon.com/images/I/61rBL3SfpML.jpg;https://m.media-amazon.com/images/I/51bcRx1Z-sL.jpg;https://m.media-amazon.com/images/I/61v0zIusJ+L.jpg;https://m.media-amazon.com/images/I/51sKub1i5ML.jpg,[ナイキ] コズミック ランナー J COSMIC RUNNER ブラック/アンスラサイト/ホワイト HM4402-003 22.5cm,,fashion_display_on_website,,,,"5,900",16,472,12.41%,-,10,6,ファッション,ランニング,Shoes,B0DLGRV6LC,HM4402-003,SHOES,,NIKE(ナイキ),HM4402-003,ブラック/アンスラサイト/ホワイト,22.5 cm,スニーカー,,,no,no
https://m.media-amazon.com/images/I/61eHMrUb2IL.jpg;https://m.media-amazon.com/images/I/71GTjcAswwL.jpg;https://m.media-amazon.com/images/I/5156HKX9J8L.jpg;https://m.media-amazon.com/images/I/51p37HpXy9L.jpg;https://m.media-amazon.com/images/I/61grU5ZuiBL.jpg;https://m.media-amazon.com/images/I/61rBL3SfpML.jpg;https://m.media-amazon.com/images/I/51bcRx1Z-sL.jpg;https://m.media-amazon.com/images/I/61v0zIusJ+L.jpg;https://m.media-amazon.com/images/I/51sKub1i5ML.jpg,[ナイキ] コズミック ランナー J COSMIC RUNNER ブラック/アンスラサイト/ホワイト HM4402-003 23.0cm,,fashion_display_on_website,,,,"5,460",20,472,12.40%,-,6,3,ファッション,ランニング,Shoes,B0DLGS137K,HM4402-003,SHOES,,NIKE(ナイキ),HM4402-003,ブラック/アンスラサイト/ホワイト,23.0 cm,スニーカー,,,no,no
https://m.media-amazon.com/images/I/61eHMrUb2IL.jpg;https://m.media-amazon.com/images/I/71GTjcAswwL.jpg;https://m.media-amazon.com/images/I/5156HKX9J8L.jpg;https://m.media-amazon.com/images/I/51p37HpXy9L.jpg;https://m.media-amazon.com/images/I/61grU5ZuiBL.jpg;https://m.media-amazon.com/images/I/61rBL3SfpML.jpg;https://m.media-amazon.com/images/I/51bcRx1Z-sL.jpg;https://m.media-amazon.com/images/I/61v0zIusJ+L.jpg;https://m.media-amazon.com/images/I/51sKub1i5ML.jpg,[ナイキ] コズミック ランナー J COSMIC RUNNER ブラック/アンスラサイト/ホワイト HM4402-003 23.5cm,,fashion_display_on_website,,,,"5,880",31,472,12.40%,-,10,7,ファッション,ランニング,Shoes,B0DLGZNCZ5,HM4402-003,SHOES,,NIKE(ナイキ),HM4402-003,ブラック/アンスラサイト/ホワイト,23.5 cm,スニーカー,,,no,no
https://m.media-amazon.com/images/I/61eHMrUb2IL.jpg;https://m.media-amazon.com/images/I/71GTjcAswwL.jpg;https://m.media-amazon.com/images/I/5156HKX9J8L.jpg;https://m.media-amazon.com/images/I/51p37HpXy9L.jpg;https://m.media-amazon.com/images/I/61grU5ZuiBL.jpg;https://m.media-amazon.com/images/I/61rBL3SfpML.jpg;https://m.media-amazon.com/images/I/51bcRx1Z-sL.jpg;https://m.media-amazon.com/images/I/61v0zIusJ+L.jpg;https://m.media-amazon.com/images/I/51sKub1i5ML.jpg,[ナイキ] コズミック ランナー J COSMIC RUNNER ブラック/アンスラサイト/ホワイト HM4402-003 24.5cm,,fashion_display_on_website,,,,"5,920",29,472,12.40%,-,13,10,ファッション,ランニング,Shoes,B0DLGVF13K,HM4402-003,SHOES,,NIKE(ナイキ),HM4402-003,ブラック/アンスラサイト/ホワイト,24.5 cm,スニーカー,,,no,no
https://m.media-amazon.com/images/I/61CtBGaNZSL.jpg;https://m.media-amazon.com/images/I/71KqaTMfBbL.jpg;https://m.media-amazon.com/images/I/61fGl8XOFdL.jpg;https://m.media-amazon.com/images/I/61Ifb9wLmCL.jpg;https://m.media-amazon.com/images/I/71+l7QEk6CL.jpg;https://m.media-amazon.com/images/I/61ABfKig2kL.jpg;https://m.media-amazon.com/images/I/71pcgN0hfUL.jpg;https://m.media-amazon.com/images/I/71+YS8QFSUL.jpg;https://m.media-amazon.com/images/I/51HZfYjkPUL.jpg,[ナイキ] ズーム エア ファイヤー W Zoom Air Fire フォトンダスト/ホワイト/スモークグレー/メタリックシルバー DR7852-001 23.0cm,,fashion_display_on_website,,"9,980",6,"9,980",9,472,10.91%,"1,089",5,3,ファッション,スニーカー,Shoes,B0DH89YYLN,DR7852-001,SHOES,nike,NIKE(ナイキ),DR7852-001,フォトンダスト/ホワイト/スモークグレー/メタリックシルバー,23.0 cm,スニーカー,,,no,no
https://m.media-amazon.com/images/I/61CtBGaNZSL.jpg;https://m.media-amazon.com/images/I/71KqaTMfBbL.jpg;https://m.media-amazon.com/images/I/61fGl8XOFdL.jpg;https://m.media-amazon.com/images/I/61Ifb9wLmCL.jpg;https://m.media-amazon.com/images/I/71+l7QEk6CL.jpg;https://m.media-amazon.com/images/I/61ABfKig2kL.jpg;https://m.media-amazon.com/images/I/71pcgN0hfUL.jpg;https://m.media-amazon.com/images/I/71+YS8QFSUL.jpg;https://m.media-amazon.com/images/I/51HZfYjkPUL.jpg,[ナイキ] ズーム エア ファイヤー W Zoom Air Fire フォトンダスト/ホワイト/スモークグレー/メタリックシルバー DR7852-001 24.5cm,,fashion_display_on_website,,"9,600",6,,10,472,11.08%,"1,064",5,5,ファッション,スニーカー,Shoes,B0DH8BGQXL,DR7852-001,SHOES,nike,NIKE(ナイキ),DR7852-001,フォトンダスト/ホワイト/スモークグレー/メタリックシルバー,24.5 cm,スニーカー,,,no,no
https://m.media-amazon.com/images/I/61CtBGaNZSL.jpg;https://m.media-amazon.com/images/I/71KqaTMfBbL.jpg;https://m.media-amazon.com/images/I/61fGl8XOFdL.jpg;https://m.media-amazon.com/images/I/61Ifb9wLmCL.jpg;https://m.media-amazon.com/images/I/71+l7QEk6CL.jpg;https://m.media-amazon.com/images/I/61ABfKig2kL.jpg;https://m.media-amazon.com/images/I/71pcgN0hfUL.jpg;https://m.media-amazon.com/images/I/71+YS8QFSUL.jpg;https://m.media-amazon.com/images/I/51HZfYjkPUL.jpg,[ナイキ] ズーム エア ファイヤー W Zoom Air Fire フォトンダスト/ホワイト/スモークグレー/メタリックシルバー DR7852-001 23.5cm,,fashion_display_on_website,,"9,900",11,"9,900",14,472,10.50%,"1,040",4,3,ファッション,スニーカー,Shoes,B0DH8C6NR1,DR7852-001,SHOES,nike,NIKE(ナイキ),DR7852-001,フォトンダスト/ホワイト/スモークグレー/メタリックシルバー,23.5 cm,スニーカー,,,no,no
https://m.media-amazon.com/images/I/51-77J347sL.jpg;https://m.media-amazon.com/images/I/51CDId1Xa6L.jpg;https://m.media-amazon.com/images/I/51eMXbCZUxL.jpg;https://m.media-amazon.com/images/I/512rCzNmbRL.jpg;https://m.media-amazon.com/images/I/61gWHW4buYL.jpg;https://m.media-amazon.com/images/I/51wx-TsWQ3L.jpg;https://m.media-amazon.com/images/I/71ASYyPRcEL.jpg;https://m.media-amazon.com/images/I/61Hz6ZCasFL.jpg;https://m.media-amazon.com/images/I/51XYRpvWf9L.jpg,[ナイキ] ゴー フライイーズ [W Go FlyEase] ブラック/ホワイト DR5540-002 正規品 24.5cm,,fashion_display_on_website,,"9,639",7,"9,639",16,472,10.45%,"1,007",3,3,ファッション,ランニング,Shoes,B0CKZH83TR,DR5540-002,SHOES,,NIKE(ナイキ),DR5540-002,ブラック/ホワイト,24.5 cm,スニーカー,,,no,no
https://m.media-amazon.com/images/I/51P2VWp0NCL.jpg;https://m.media-amazon.com/images/I/51wu5C0MGnL.jpg;https://m.media-amazon.com/images/I/51A5eCKoiIL.jpg;https://m.media-amazon.com/images/I/71aDoT6AZwL.jpg;https://m.media-amazon.com/images/I/51m+R+WUFuL.jpg;https://m.media-amazon.com/images/I/61DHz5Y8KSL.jpg;https://m.media-amazon.com/images/I/71RdlTnZTnL.jpg,[ナイキ] コート ビジョン ロー NN W COURT VISION LO NN ブラック HQ4377-001 23.5cm,,fashion_display_on_website,,"5,500",1,"5,500",19,472,12.40%,682,13,10,ファッション,バスケットボール,Shoes,B0FJLYSG2Y,HQ4377-001,SHOES,nike,NIKE(ナイキ),HQ4377-001,ブラック,23.5 cm,スニーカー,,,no,no
https://m.media-amazon.com/images/I/51KM47talqL.jpg;https://m.media-amazon.com/images/I/7175EcU7l2L.jpg;https://m.media-amazon.com/images/I/51fCF8GTYRL.jpg;https://m.media-amazon.com/images/I/51tIeuKoc9L.jpg;https://m.media-amazon.com/images/I/61vrOTQz2nL.jpg;https://m.media-amazon.com/images/I/511hehTdTVL.jpg;https://m.media-amazon.com/images/I/61wcM8Hx+uL.jpg,[ナイキ] コート ロイヤル スエード W COURT Royale SUEDE ピュアプラチナム/ガムライトブラウン/ホワイト/ピュアプラチナム 916795-001 25.0cm,,fashion_display_on_website,,"6,560",,"6,560",,430,12.40%,813,5,5,ファッション,スニーカー,Shoes,B0DH897S84,916795-001,SHOES,nike,NIKE(ナイキ),916795-001,ピュアプラチナム/ガムライトブラウン/ホワイト/ピュアプラチナム,25.0 cm,スニーカー,,,no,no
https://m.media-amazon.com/images/I/515QjyHU3UL.jpg;https://m.media-amazon.com/images/I/61iZjOqwSQL.jpg;https://m.media-amazon.com/images/I/61iJ0+57oeL.jpg;https://m.media-amazon.com/images/I/517kKzKmNSL.jpg;https://m.media-amazon.com/images/I/51kinVoQpsL.jpg;https://m.media-amazon.com/images/I/61uBHiEghOL.jpg;https://m.media-amazon.com/images/I/41gCPHGzZfL.jpg;https://m.media-amazon.com/images/I/51Q8toORr4L.jpg;https://m.media-amazon.com/images/I/41DZfhSMt3L.jpg,[ナイキ] レディース スニーカー エア ハイツ 厚底 通気性 ホワイト CI0603-102 国内正規品 (24.0 cm),,fashion_display_on_website,,"10,000",5,"10,000",5,472,11.73%,"1,173",3,2,ファッション,スニーカー,Shoes,B0D5D5HQT4,,SHOES,,NIKE(ナイキ),CI0603-102,ホワイト,24.0 cm,,,,no,no
https://m.media-amazon.com/images/I/61Wc8Wep8sL.jpg;https://m.media-amazon.com/images/I/71YrejY1KqL.jpg;https://m.media-amazon.com/images/I/61Vy2uiLC8L.jpg;https://m.media-amazon.com/images/I/51tB6U-YxaL.jpg;https://m.media-amazon.com/images/I/61MbE2aJvRL.jpg;https://m.media-amazon.com/images/I/61xESAL6K8L.jpg;https://m.media-amazon.com/images/I/61M+nXw3xtL.jpg;https://m.media-amazon.com/images/I/71bqcX8k1vL.jpg;https://m.media-amazon.com/images/I/51ZueS1b9zL.jpg,[ナイキ] ウッドサイド チャッカ 2 W Woodside Chukka 2 ブラック/アンスラサイト 537345-001 24.5cm,,fashion_display_on_website,,"7,900",1,,23,472,12.10%,956,15,13,ファッション,スニーカー,Shoes,B0DH8CYS54,537345-001,BOOT,nike,NIKE(ナイキ),537345-001,ブラック/アンスラサイト,24.5 cm,スニーカー,,,no,no
https://m.media-amazon.com/images/I/61Wc8Wep8sL.jpg;https://m.media-amazon.com/images/I/71YrejY1KqL.jpg;https://m.media-amazon.com/images/I/61Vy2uiLC8L.jpg;https://m.media-amazon.com/images/I/51tB6U-YxaL.jpg;https://m.media-amazon.com/images/I/61MbE2aJvRL.jpg;https://m.media-amazon.com/images/I/61xESAL6K8L.jpg;https://m.media-amazon.com/images/I/61M+nXw3xtL.jpg;https://m.media-amazon.com/images/I/71bqcX8k1vL.jpg;https://m.media-amazon.com/images/I/51ZueS1b9zL.jpg,[ナイキ] ウッドサイド チャッカ 2 W Woodside Chukka 2 ブラック/アンスラサイト 537345-001 23.5cm,,fashion_display_on_website,,"6,980",3,"6,980",10,472,12.41%,866,10,7,ファッション,スニーカー,Shoes,B0DH89T814,537345-001,BOOT,nike,NIKE(ナイキ),537345-001,ブラック/アンスラサイト,23.5 cm,スニーカー,,,no,no
https://m.media-amazon.com/images/I/61Wc8Wep8sL.jpg;https://m.media-amazon.com/images/I/71YrejY1KqL.jpg;https://m.media-amazon.com/images/I/61Vy2uiLC8L.jpg;https://m.media-amazon.com/images/I/51tB6U-YxaL.jpg;https://m.media-amazon.com/images/I/61MbE2aJvRL.jpg;https://m.media-amazon.com/images/I/61xESAL6K8L.jpg;https://m.media-amazon.com/images/I/61M+nXw3xtL.jpg;https://m.media-amazon.com/images/I/71bqcX8k1vL.jpg;https://m.media-amazon.com/images/I/51ZueS1b9zL.jpg,[ナイキ] ウッドサイド チャッカ 2 W Woodside Chukka 2 ブラック/アンスラサイト 537345-001 25.0cm,,fashion_display_on_website,,"7,800",4,,19,472,12.17%,949,11,11,ファッション,ランニング,Shoes,B0DH8BNSDT,537345-001,BOOT,nike,NIKE(ナイキ),537345-001,ブラック/アンスラサイト,25.0 cm,スニーカー,,,no,no
https://m.media-amazon.com/images/I/41ovOiq+sgL.jpg;https://m.media-amazon.com/images/I/518-OYkoqjL.jpg;https://m.media-amazon.com/images/I/31GjygD9idL.jpg;https://m.media-amazon.com/images/I/31JUxPycisL.jpg;https://m.media-amazon.com/images/I/51H7SApmUQL.jpg;https://m.media-amazon.com/images/I/41BW9SJFnOL.jpg;https://m.media-amazon.com/images/I/51UtsZvmTWL.jpg,[ナイキ] コート ロイヤル AC W COURT ROYALE AC ホワイト/メタリックシルバー AO2810-114 25.0cm,,fashion_display_on_website,,"6,980",,,,430,12.41%,866,2,2,ファッション,スニーカー,Shoes,B0DHS94JV7,AO2810-114,SHOES,nike,NIKE(ナイキ),AO2810-114,ホワイト/メタリックシルバー,25.0 cm,スニーカー,,,no,no
https://m.media-amazon.com/images/I/51MDsqkqbkL.jpg;https://m.media-amazon.com/images/I/51zpJreh-nL.jpg;https://m.media-amazon.com/images/I/51PE653zb5L.jpg;https://m.media-amazon.com/images/I/61pa8Kf5-eL.jpg;https://m.media-amazon.com/images/I/51MDsqkqbkL.jpg;https://m.media-amazon.com/images/I/51YZjYGptuL.jpg;https://m.media-amazon.com/images/I/61ltxQ6lwJL.jpg;https://m.media-amazon.com/images/I/51gpDlwFSdL.jpg;https://m.media-amazon.com/images/I/51V0KCJt3SL.jpg,NIKE(ナイキ)コートビジョンローTRK3COURTVISIONLOWTRK3セイル/ミッドナイトネイビーHF1068-133日本国内正規品28.0cm,,fashion_display_on_website,,,,"9,280",2,472,8%,-,3,1,ファッション,ランニング,Shoes,B0CQCSS4CW,NIKE HF1068-133,SHOES,nike,NIKE(ナイキ),HF1068-133,セイル/ミッドナイトネイビー,28.0 cm,スニーカー,,,no,no
https://m.media-amazon.com/images/I/51e-KQt7I8L.jpg;https://m.media-amazon.com/images/I/61SXeohm4IL.jpg;https://m.media-amazon.com/images/I/51BZ07d7fmL.jpg;https://m.media-amazon.com/images/I/517OYtJFdzL.jpg;https://m.media-amazon.com/images/I/61ek-vejWDL.jpg;https://m.media-amazon.com/images/I/51azAiUhjYL.jpg;https://m.media-amazon.com/images/I/51tm9DR3+5L.jpg;https://m.media-amazon.com/images/I/61kIKoPHYIL.jpg;https://m.media-amazon.com/images/I/51In7Bh3RdL.jpg,[ナイキ] レボリューション 8 W Revolution 8 ホワイト/ベアリーボルト/ボルト/メタリックシルバー HJ8485-100 24.0cm,,fashion_display_on_website,,,,,9,472,12.41%,-,4,4,ファッション,ランニング,Shoes,B0G1TVPL36,HJ8485-100,SHOES,,NIKE(ナイキ),HJ8485-100,ホワイト/ベアリーボルト/ボルト/メタリックシルバー,24.0 cm,スニーカー,,,no,no
https://m.media-amazon.com/images/I/51K09tSpx3L.jpg;https://m.media-amazon.com/images/I/71ITK1OvbVL.jpg;https://m.media-amazon.com/images/I/71qor00dcEL.jpg;https://m.media-amazon.com/images/I/5116SYVZ3AL.jpg;https://m.media-amazon.com/images/I/61rJKKmLA8L.jpg;https://m.media-amazon.com/images/I/6164XxZXycL.jpg;https://m.media-amazon.com/images/I/61GinX+TU9L.jpg,ナイキ（NIKE） スポーツウェア クラブ フリースプルオーバー パーカー BV2655-010 オンライン価格（ブラック/Ｍ/Men's）,,fashion_display_on_website,,"5,354",,,,472,10.65%,570,3,3,ファッション,パーカー,Sports,B08JJ1SWPX,BV2655-010,SWEATSHIRT,ナイキ,NIKE(ナイキ),BV2655-010,ブラック,M,フルジップ,,,no,no
https://m.media-amazon.com/images/I/61iwlkYG2YL.jpg;https://m.media-amazon.com/images/I/711SX-bwUeL.jpg;https://m.media-amazon.com/images/I/71GQiBzw-AL.jpg;https://m.media-amazon.com/images/I/71vR-K6WX4L.jpg;https://m.media-amazon.com/images/I/71Qs9TxLx5L.jpg;https://m.media-amazon.com/images/I/71Z7gpf00sL.jpg;https://m.media-amazon.com/images/I/613Y3hhOr+L.jpg;https://m.media-amazon.com/images/I/61YP3H3NJ2L.jpg;https://m.media-amazon.com/images/I/61gTHtAVp0L.jpg,[ナイキ] エスビー アリウープ SB Alleyoop ホワイト/ホワイト/ブラック CJ0882-100 29.5cm ナイキジャパン正規品,,fashion_display_on_website,,"8,580",2,"8,494",4,472,11.99%,"1,029",5,3,ファッション,ランニング,Shoes,B08C9PWWB8,NIKE CJ0882-100,SHOES,,NIKE(ナイキ),CJ0882-100,ホワイト/ホワイト/ブラック,29.5 cm,スニーカー,,,no,no
